,Zip,Neighborhood Latitude,Neighborhood Longitude,Venue,Venue Latitude,Venue Longitude,Venue Category
0,27704,36.0383,-78.8764,Durham Arts Council Clay Studio,36.01967039,-78.90915821,Art Gallery
1,27704,36.0383,-78.8764,African American Art,36.016911,-78.908861,Art Gallery
2,27704,36.0383,-78.8764,See Saw Studios,36.00398635864258,-78.90068817138672,Art Gallery
3,27704,36.0383,-78.8764,Shadowbox,36.004599,-78.902821,Art Gallery
4,27704,36.0383,-78.8764,The Untidy Museum,36.016517639160156,-78.91891479492188,Art Gallery
5,27704,36.0383,-78.8764,Craven Allen Gallery,36.015918,-78.918964,Art Gallery
6,27704,36.0383,-78.8764,Vega Metals Inc.,36.000213,-78.900673,Art Gallery
7,27704,36.0383,-78.8764,Hugh Mangum Museum of Photography,36.06870066956609,-78.90970945358276,Art Gallery
8,27529,35.6813,-78.5975,Aerial Artistry/Air Cam,35.66268539428711,-78.64045715332031,Art Gallery
9,27615,35.8887,-78.6393,Artistic Abandon,35.881742473897496,-78.64751778428763,Art Gallery
10,27615,35.8887,-78.6393,Bev's Fine Art,35.88125232921658,-78.64500731591468,Art Gallery
11,27615,35.8887,-78.6393,Artistic Abandon,35.880629,-78.647361,Art Gallery
12,27615,35.8887,-78.6393,Unpublish Test,35.86427688598633,-78.622314453125,Art Gallery
13,27615,35.8887,-78.6393,Sertoma Arts Center,35.85883941915814,-78.66501909961772,Art Gallery
14,27617,35.9034,-78.7447,Van Duyn Woodwork,35.91545486450195,-78.73770141601562,Art Gallery
15,27617,35.9034,-78.7447,Drescher Designworks,35.887957,-78.726176,Art Gallery
16,27617,35.9034,-78.7447,Mission House Creative,35.88227,-78.735966,Art Gallery
17,27617,35.9034,-78.7447,The Art Of Style,35.913721,-78.778708,Art Gallery
18,27617,35.9034,-78.7447,ATRisART Design Studio,35.875838103710294,-78.71813798861034,Art Gallery
19,27617,35.9034,-78.7447,A New Machine,35.865095000000004,-78.728736,Art Gallery
20,27636,35.7977,-78.6253,Artspace Visual Arts Center,35.775576077243834,-78.63633487045479,Art Gallery
21,27636,35.7977,-78.6253,Rebus Works,35.776923191751585,-78.64971001209481,Art Gallery
22,27636,35.7977,-78.6253,Contemporary Art Museum,35.776877328640275,-78.64545662310829,Art Gallery
23,27636,35.7977,-78.6253,Amplified Art,35.776144727709024,-78.63578867137181,Art Gallery
24,27636,35.7977,-78.6253,Visual Art Exchange,35.77695330983304,-78.64405511970232,Art Gallery
25,27636,35.7977,-78.6253,Flanders Gallery,35.77704243633512,-78.64633591207867,Art Gallery
26,27636,35.7977,-78.6253,311 West Martin Gallery,35.77704734821988,-78.64422884560048,Art Gallery
27,27636,35.7977,-78.6253,Gallery C,35.787644,-78.635778,Art Gallery
28,27636,35.7977,-78.6253,Trinity Gallery,35.787653859805374,-78.63629579544067,Art Gallery
29,27636,35.7977,-78.6253,Wine & Design,35.790383,-78.644437,Art Gallery
30,27636,35.7977,-78.6253,Adam Cave Fine Art,35.77831743856426,-78.63753845444194,Art Gallery
31,27636,35.7977,-78.6253,The Ruby Red,35.78973809855687,-78.64456195545674,Art Gallery
32,27636,35.7977,-78.6253,Mahler Gallery,35.77731734219244,-78.63943296040733,Art Gallery
33,27636,35.7977,-78.6253,Blake Street Shops & Studios,35.775879923408596,-78.63593806634475,Art Gallery
34,27636,35.7977,-78.6253,Jenn Hales - Illustration and Design,35.775812,-78.63620999999999,Art Gallery
35,27636,35.7977,-78.6253,SpiritWorks Art Studio,35.7814482909526,-78.64722847938538,Art Gallery
36,27636,35.7977,-78.6253,The Carter Building,35.78141002954122,-78.64738133352051,Art Gallery
37,27636,35.7977,-78.6253,Lump Art Gallery,35.773761797817414,-78.63661531773464,Art Gallery
38,27636,35.7977,-78.6253,Hargett Street First Friday Market,35.77828600347152,-78.63845246241056,General Entertainment
39,27636,35.7977,-78.6253,Roundabout Art Collective,35.788338,-78.662801,Art Gallery
40,27636,35.7977,-78.6253,Pullen Art Center,35.78494829463031,-78.66309604140153,Art Gallery
41,27636,35.7977,-78.6253,Thieves Market,35.7964815192701,-78.58208965986154,Art Gallery
42,27636,35.7977,-78.6253,NCSU - Crafts Center,35.78287495833663,-78.666983989665,Art Gallery
43,27636,35.7977,-78.6253,Gregg Museum of Art & Design,35.783905029296875,-78.67122650146484,Art Gallery
44,27636,35.7977,-78.6253,Holder Goods and Crafts,35.77250806749719,-78.64845356723114,Arts & Crafts Store
45,27690,35.7977,-78.6253,Artspace Visual Arts Center,35.775576077243834,-78.63633487045479,Art Gallery
46,27690,35.7977,-78.6253,Rebus Works,35.776923191751585,-78.64971001209481,Art Gallery
47,27690,35.7977,-78.6253,Contemporary Art Museum,35.776877328640275,-78.64545662310829,Art Gallery
48,27690,35.7977,-78.6253,Amplified Art,35.776144727709024,-78.63578867137181,Art Gallery
49,27690,35.7977,-78.6253,Visual Art Exchange,35.77695330983304,-78.64405511970232,Art Gallery
50,27690,35.7977,-78.6253,Flanders Gallery,35.77704243633512,-78.64633591207867,Art Gallery
51,27690,35.7977,-78.6253,311 West Martin Gallery,35.77704734821988,-78.64422884560048,Art Gallery
52,27690,35.7977,-78.6253,Gallery C,35.787644,-78.635778,Art Gallery
53,27690,35.7977,-78.6253,Trinity Gallery,35.787653859805374,-78.63629579544067,Art Gallery
54,27690,35.7977,-78.6253,Wine & Design,35.790383,-78.644437,Art Gallery
55,27690,35.7977,-78.6253,Adam Cave Fine Art,35.77831743856426,-78.63753845444194,Art Gallery
56,27690,35.7977,-78.6253,The Ruby Red,35.78973809855687,-78.64456195545674,Art Gallery
57,27690,35.7977,-78.6253,Mahler Gallery,35.77731734219244,-78.63943296040733,Art Gallery
58,27690,35.7977,-78.6253,Blake Street Shops & Studios,35.775879923408596,-78.63593806634475,Art Gallery
59,27690,35.7977,-78.6253,Jenn Hales - Illustration and Design,35.775812,-78.63620999999999,Art Gallery
60,27690,35.7977,-78.6253,SpiritWorks Art Studio,35.7814482909526,-78.64722847938538,Art Gallery
61,27690,35.7977,-78.6253,The Carter Building,35.78141002954122,-78.64738133352051,Art Gallery
62,27690,35.7977,-78.6253,Lump Art Gallery,35.773761797817414,-78.63661531773464,Art Gallery
63,27690,35.7977,-78.6253,Hargett Street First Friday Market,35.77828600347152,-78.63845246241056,General Entertainment
64,27690,35.7977,-78.6253,Roundabout Art Collective,35.788338,-78.662801,Art Gallery
65,27690,35.7977,-78.6253,Pullen Art Center,35.78494829463031,-78.66309604140153,Art Gallery
66,27690,35.7977,-78.6253,Thieves Market,35.7964815192701,-78.58208965986154,Art Gallery
67,27690,35.7977,-78.6253,NCSU - Crafts Center,35.78287495833663,-78.666983989665,Art Gallery
68,27690,35.7977,-78.6253,Gregg Museum of Art & Design,35.783905029296875,-78.67122650146484,Art Gallery
69,27690,35.7977,-78.6253,Holder Goods and Crafts,35.77250806749719,-78.64845356723114,Arts & Crafts Store
70,27699,35.7977,-78.6253,Artspace Visual Arts Center,35.775576077243834,-78.63633487045479,Art Gallery
71,27699,35.7977,-78.6253,Rebus Works,35.776923191751585,-78.64971001209481,Art Gallery
72,27699,35.7977,-78.6253,Contemporary Art Museum,35.776877328640275,-78.64545662310829,Art Gallery
73,27699,35.7977,-78.6253,Amplified Art,35.776144727709024,-78.63578867137181,Art Gallery
74,27699,35.7977,-78.6253,Visual Art Exchange,35.77695330983304,-78.64405511970232,Art Gallery
75,27699,35.7977,-78.6253,Flanders Gallery,35.77704243633512,-78.64633591207867,Art Gallery
76,27699,35.7977,-78.6253,311 West Martin Gallery,35.77704734821988,-78.64422884560048,Art Gallery
77,27699,35.7977,-78.6253,Gallery C,35.787644,-78.635778,Art Gallery
78,27699,35.7977,-78.6253,Trinity Gallery,35.787653859805374,-78.63629579544067,Art Gallery
79,27699,35.7977,-78.6253,Wine & Design,35.790383,-78.644437,Art Gallery
80,27699,35.7977,-78.6253,Adam Cave Fine Art,35.77831743856426,-78.63753845444194,Art Gallery
81,27699,35.7977,-78.6253,The Ruby Red,35.78973809855687,-78.64456195545674,Art Gallery
82,27699,35.7977,-78.6253,Mahler Gallery,35.77731734219244,-78.63943296040733,Art Gallery
83,27699,35.7977,-78.6253,Blake Street Shops & Studios,35.775879923408596,-78.63593806634475,Art Gallery
84,27699,35.7977,-78.6253,Jenn Hales - Illustration and Design,35.775812,-78.63620999999999,Art Gallery
85,27699,35.7977,-78.6253,SpiritWorks Art Studio,35.7814482909526,-78.64722847938538,Art Gallery
86,27699,35.7977,-78.6253,The Carter Building,35.78141002954122,-78.64738133352051,Art Gallery
87,27699,35.7977,-78.6253,Lump Art Gallery,35.773761797817414,-78.63661531773464,Art Gallery
88,27699,35.7977,-78.6253,Hargett Street First Friday Market,35.77828600347152,-78.63845246241056,General Entertainment
89,27699,35.7977,-78.6253,Roundabout Art Collective,35.788338,-78.662801,Art Gallery
90,27699,35.7977,-78.6253,Pullen Art Center,35.78494829463031,-78.66309604140153,Art Gallery
91,27699,35.7977,-78.6253,Thieves Market,35.7964815192701,-78.58208965986154,Art Gallery
92,27699,35.7977,-78.6253,NCSU - Crafts Center,35.78287495833663,-78.666983989665,Art Gallery
93,27699,35.7977,-78.6253,Gregg Museum of Art & Design,35.783905029296875,-78.67122650146484,Art Gallery
94,27699,35.7977,-78.6253,Holder Goods and Crafts,35.77250806749719,-78.64845356723114,Arts & Crafts Store
95,27519,35.8072,-78.887,Polka Dot Palette,35.821190930485784,-78.85591406028487,Art Gallery
96,27519,35.8072,-78.887,Bostwick Design Communication,35.779715,-78.86930799999999,Art Gallery
97,27519,35.8072,-78.887,Rushingwater Studios,35.78696060180664,-78.84835815429688,Art Gallery
98,27526,35.58,-78.7908,Artistic Expressions,35.58256530761719,-78.79904174804688,Art Gallery
99,27526,35.58,-78.7908,Piedmont Pottery,35.58110427856445,-78.8000717163086,Art Gallery
100,27526,35.58,-78.7908,Ashley's Art Gallery,35.59165375122564,-78.79256295232695,Art Gallery
101,27526,35.58,-78.7908,le nails,35.60486602783203,-78.80247497558594,Art Gallery
102,27591,35.798,-78.3926,Art Of Giving,35.783546620734796,-78.36989829823669,Art Gallery
103,27619,35.8515,-78.6314,Artistic Abandon,35.881742473897496,-78.64751778428763,Art Gallery
104,27619,35.8515,-78.6314,Unpublish Test,35.86427688598633,-78.622314453125,Art Gallery
105,27619,35.8515,-78.6314,Bev's Fine Art,35.88125232921658,-78.64500731591468,Art Gallery
106,27619,35.8515,-78.6314,Artistic Abandon,35.880629,-78.647361,Art Gallery
107,27619,35.8515,-78.6314,Sertoma Arts Center,35.85883941915814,-78.66501909961772,Art Gallery
108,27627,35.7977,-78.6253,Artspace Visual Arts Center,35.775576077243834,-78.63633487045479,Art Gallery
109,27627,35.7977,-78.6253,Rebus Works,35.776923191751585,-78.64971001209481,Art Gallery
110,27627,35.7977,-78.6253,Contemporary Art Museum,35.776877328640275,-78.64545662310829,Art Gallery
111,27627,35.7977,-78.6253,Amplified Art,35.776144727709024,-78.63578867137181,Art Gallery
112,27627,35.7977,-78.6253,Visual Art Exchange,35.77695330983304,-78.64405511970232,Art Gallery
113,27627,35.7977,-78.6253,Flanders Gallery,35.77704243633512,-78.64633591207867,Art Gallery
114,27627,35.7977,-78.6253,311 West Martin Gallery,35.77704734821988,-78.64422884560048,Art Gallery
115,27627,35.7977,-78.6253,Gallery C,35.787644,-78.635778,Art Gallery
116,27627,35.7977,-78.6253,Trinity Gallery,35.787653859805374,-78.63629579544067,Art Gallery
117,27627,35.7977,-78.6253,Wine & Design,35.790383,-78.644437,Art Gallery
118,27627,35.7977,-78.6253,Adam Cave Fine Art,35.77831743856426,-78.63753845444194,Art Gallery
119,27627,35.7977,-78.6253,The Ruby Red,35.78973809855687,-78.64456195545674,Art Gallery
120,27627,35.7977,-78.6253,Mahler Gallery,35.77731734219244,-78.63943296040733,Art Gallery
121,27627,35.7977,-78.6253,Blake Street Shops & Studios,35.775879923408596,-78.63593806634475,Art Gallery
122,27627,35.7977,-78.6253,Jenn Hales - Illustration and Design,35.775812,-78.63620999999999,Art Gallery
123,27627,35.7977,-78.6253,SpiritWorks Art Studio,35.7814482909526,-78.64722847938538,Art Gallery
124,27627,35.7977,-78.6253,The Carter Building,35.78141002954122,-78.64738133352051,Art Gallery
125,27627,35.7977,-78.6253,Lump Art Gallery,35.773761797817414,-78.63661531773464,Art Gallery
126,27627,35.7977,-78.6253,Hargett Street First Friday Market,35.77828600347152,-78.63845246241056,General Entertainment
127,27627,35.7977,-78.6253,Roundabout Art Collective,35.788338,-78.662801,Art Gallery
128,27627,35.7977,-78.6253,Pullen Art Center,35.78494829463031,-78.66309604140153,Art Gallery
129,27627,35.7977,-78.6253,Thieves Market,35.7964815192701,-78.58208965986154,Art Gallery
130,27627,35.7977,-78.6253,NCSU - Crafts Center,35.78287495833663,-78.666983989665,Art Gallery
131,27627,35.7977,-78.6253,Gregg Museum of Art & Design,35.783905029296875,-78.67122650146484,Art Gallery
132,27627,35.7977,-78.6253,Holder Goods and Crafts,35.77250806749719,-78.64845356723114,Arts & Crafts Store
133,27668,35.7977,-78.6253,Artspace Visual Arts Center,35.775576077243834,-78.63633487045479,Art Gallery
134,27668,35.7977,-78.6253,Rebus Works,35.776923191751585,-78.64971001209481,Art Gallery
135,27668,35.7977,-78.6253,Contemporary Art Museum,35.776877328640275,-78.64545662310829,Art Gallery
136,27668,35.7977,-78.6253,Amplified Art,35.776144727709024,-78.63578867137181,Art Gallery
137,27668,35.7977,-78.6253,Visual Art Exchange,35.77695330983304,-78.64405511970232,Art Gallery
138,27668,35.7977,-78.6253,Flanders Gallery,35.77704243633512,-78.64633591207867,Art Gallery
139,27668,35.7977,-78.6253,311 West Martin Gallery,35.77704734821988,-78.64422884560048,Art Gallery
140,27668,35.7977,-78.6253,Gallery C,35.787644,-78.635778,Art Gallery
141,27668,35.7977,-78.6253,Trinity Gallery,35.787653859805374,-78.63629579544067,Art Gallery
142,27668,35.7977,-78.6253,Wine & Design,35.790383,-78.644437,Art Gallery
143,27668,35.7977,-78.6253,Adam Cave Fine Art,35.77831743856426,-78.63753845444194,Art Gallery
144,27668,35.7977,-78.6253,The Ruby Red,35.78973809855687,-78.64456195545674,Art Gallery
145,27668,35.7977,-78.6253,Mahler Gallery,35.77731734219244,-78.63943296040733,Art Gallery
146,27668,35.7977,-78.6253,Blake Street Shops & Studios,35.775879923408596,-78.63593806634475,Art Gallery
147,27668,35.7977,-78.6253,Jenn Hales - Illustration and Design,35.775812,-78.63620999999999,Art Gallery
148,27668,35.7977,-78.6253,SpiritWorks Art Studio,35.7814482909526,-78.64722847938538,Art Gallery
149,27668,35.7977,-78.6253,The Carter Building,35.78141002954122,-78.64738133352051,Art Gallery
150,27668,35.7977,-78.6253,Lump Art Gallery,35.773761797817414,-78.63661531773464,Art Gallery
151,27668,35.7977,-78.6253,Hargett Street First Friday Market,35.77828600347152,-78.63845246241056,General Entertainment
152,27668,35.7977,-78.6253,Roundabout Art Collective,35.788338,-78.662801,Art Gallery
153,27668,35.7977,-78.6253,Pullen Art Center,35.78494829463031,-78.66309604140153,Art Gallery
154,27668,35.7977,-78.6253,Thieves Market,35.7964815192701,-78.58208965986154,Art Gallery
155,27668,35.7977,-78.6253,NCSU - Crafts Center,35.78287495833663,-78.666983989665,Art Gallery
156,27668,35.7977,-78.6253,Gregg Museum of Art & Design,35.783905029296875,-78.67122650146484,Art Gallery
157,27668,35.7977,-78.6253,Holder Goods and Crafts,35.77250806749719,-78.64845356723114,Arts & Crafts Store
158,27705,36.0218,-78.9478,Nasher Museum of Art,35.99898934179774,-78.92904068742855,Art Gallery
159,27705,36.0218,-78.9478,The Scrap Exchange,35.9903063227327,-78.92732111090767,Art Gallery
160,27705,36.0218,-78.9478,Craven Allen Gallery,36.015918,-78.918964,Art Gallery
161,27705,36.0218,-78.9478,Art Craft Framing Company,36.008712,-78.921875,Art Gallery
162,27502,35.7225,-78.8408,Halle Cultural Arts Center,35.73271737823158,-78.85046557247529,Art Gallery
163,27502,35.7225,-78.8408,Springboard Design Group,35.733097076416016,-78.84252166748047,Art Gallery
164,27502,35.7225,-78.8408,Studio 123,35.731331,-78.851311,Art Gallery
165,27502,35.7225,-78.8408,The Red Canvas,35.731264,-78.851461,Art Gallery
166,27502,35.7225,-78.8408,KidzArt Studio,35.731264,-78.851461,Art Gallery
167,27502,35.7225,-78.8408,The Apex Gallery of Custom Framing,35.731264,-78.851461,Art Gallery
168,27502,35.7225,-78.8408,Haake's Art Room,35.721341685981315,-78.85697849948544,Art Gallery
169,27502,35.7225,-78.8408,Mr. Sands Class,35.7444873316891,-78.83924590392357,Art Gallery
170,27502,35.7225,-78.8408,Wine & Design,35.737831115722656,-78.86627197265625,Art Gallery
171,27502,35.7225,-78.8408,Mike Reagan Design,35.752931,-78.86174,Art Gallery
172,27502,35.7225,-78.8408,SAM J's,35.737827,-78.879543,Art Gallery
173,27502,35.7225,-78.8408,Shafer Productions,35.732558000000004,-78.883562,Art Gallery
174,27502,35.7225,-78.8408,AR Workshop Cary,35.736669,-78.798068,Art Gallery
175,27502,35.7225,-78.8408,Front Porch Studio,35.730744,-78.888749,Art Gallery
176,27539,35.7225,-78.8408,Halle Cultural Arts Center,35.73271737823158,-78.85046557247529,Art Gallery
177,27539,35.7225,-78.8408,Springboard Design Group,35.733097076416016,-78.84252166748047,Art Gallery
178,27539,35.7225,-78.8408,Studio 123,35.731331,-78.851311,Art Gallery
179,27539,35.7225,-78.8408,The Red Canvas,35.731264,-78.851461,Art Gallery
180,27539,35.7225,-78.8408,KidzArt Studio,35.731264,-78.851461,Art Gallery
181,27539,35.7225,-78.8408,The Apex Gallery of Custom Framing,35.731264,-78.851461,Art Gallery
182,27539,35.7225,-78.8408,Haake's Art Room,35.721341685981315,-78.85697849948544,Art Gallery
183,27539,35.7225,-78.8408,Mr. Sands Class,35.7444873316891,-78.83924590392357,Art Gallery
184,27539,35.7225,-78.8408,Wine & Design,35.737831115722656,-78.86627197265625,Art Gallery
185,27539,35.7225,-78.8408,Mike Reagan Design,35.752931,-78.86174,Art Gallery
186,27539,35.7225,-78.8408,SAM J's,35.737827,-78.879543,Art Gallery
187,27539,35.7225,-78.8408,Shafer Productions,35.732558000000004,-78.883562,Art Gallery
188,27539,35.7225,-78.8408,AR Workshop Cary,35.736669,-78.798068,Art Gallery
189,27539,35.7225,-78.8408,Front Porch Studio,35.730744,-78.888749,Art Gallery
190,27545,35.7789,-78.4898,De Lee Casa,35.79245753059612,-78.49034933112536,Art Gallery
191,27545,35.7789,-78.4898,Family Portraits,35.772332,-78.464204,Art Gallery
192,27545,35.7789,-78.4898,DiGiulio Studios,35.75647934771596,-78.5011624091308,Art Gallery
193,27606,35.7645,-78.7112,Worlds Within,35.753847,-78.67041240000003,Art Gallery
194,27606,35.7645,-78.7112,NCSU - Crafts Center,35.78287495833663,-78.666983989665,Art Gallery
195,27606,35.7645,-78.7112,Gregg Museum of Art & Design,35.783905029296875,-78.67122650146484,Art Gallery
196,27614,35.9457,-78.6433,Frame Warehouse,35.903822999999996,-78.656052,Art Gallery
197,27616,35.8673,-78.5381,Celik Fine Arts,35.864827,-78.5718,Art Gallery
198,27616,35.8673,-78.5381,Stevens Gallery and Framing,35.867416,-78.588118,Art Gallery
199,27616,35.8673,-78.5381,Artopia,35.86592538392357,-78.59044436690274,Art Gallery
200,27650,35.7977,-78.6253,Artspace Visual Arts Center,35.775576077243834,-78.63633487045479,Art Gallery
201,27650,35.7977,-78.6253,Rebus Works,35.776923191751585,-78.64971001209481,Art Gallery
202,27650,35.7977,-78.6253,Contemporary Art Museum,35.776877328640275,-78.64545662310829,Art Gallery
203,27650,35.7977,-78.6253,Amplified Art,35.776144727709024,-78.63578867137181,Art Gallery
204,27650,35.7977,-78.6253,Visual Art Exchange,35.77695330983304,-78.64405511970232,Art Gallery
205,27650,35.7977,-78.6253,Flanders Gallery,35.77704243633512,-78.64633591207867,Art Gallery
206,27650,35.7977,-78.6253,311 West Martin Gallery,35.77704734821988,-78.64422884560048,Art Gallery
207,27650,35.7977,-78.6253,Gallery C,35.787644,-78.635778,Art Gallery
208,27650,35.7977,-78.6253,Trinity Gallery,35.787653859805374,-78.63629579544067,Art Gallery
209,27650,35.7977,-78.6253,Wine & Design,35.790383,-78.644437,Art Gallery
210,27650,35.7977,-78.6253,Adam Cave Fine Art,35.77831743856426,-78.63753845444194,Art Gallery
211,27650,35.7977,-78.6253,The Ruby Red,35.78973809855687,-78.64456195545674,Art Gallery
212,27650,35.7977,-78.6253,Mahler Gallery,35.77731734219244,-78.63943296040733,Art Gallery
213,27650,35.7977,-78.6253,Blake Street Shops & Studios,35.775879923408596,-78.63593806634475,Art Gallery
214,27650,35.7977,-78.6253,Jenn Hales - Illustration and Design,35.775812,-78.63620999999999,Art Gallery
215,27650,35.7977,-78.6253,SpiritWorks Art Studio,35.7814482909526,-78.64722847938538,Art Gallery
216,27650,35.7977,-78.6253,The Carter Building,35.78141002954122,-78.64738133352051,Art Gallery
217,27650,35.7977,-78.6253,Lump Art Gallery,35.773761797817414,-78.63661531773464,Art Gallery
218,27650,35.7977,-78.6253,Hargett Street First Friday Market,35.77828600347152,-78.63845246241056,General Entertainment
219,27650,35.7977,-78.6253,Roundabout Art Collective,35.788338,-78.662801,Art Gallery
220,27650,35.7977,-78.6253,Pullen Art Center,35.78494829463031,-78.66309604140153,Art Gallery
221,27650,35.7977,-78.6253,Thieves Market,35.7964815192701,-78.58208965986154,Art Gallery
222,27650,35.7977,-78.6253,NCSU - Crafts Center,35.78287495833663,-78.666983989665,Art Gallery
223,27650,35.7977,-78.6253,Gregg Museum of Art & Design,35.783905029296875,-78.67122650146484,Art Gallery
224,27650,35.7977,-78.6253,Holder Goods and Crafts,35.77250806749719,-78.64845356723114,Arts & Crafts Store
225,27656,35.7977,-78.6253,Artspace Visual Arts Center,35.775576077243834,-78.63633487045479,Art Gallery
226,27656,35.7977,-78.6253,Rebus Works,35.776923191751585,-78.64971001209481,Art Gallery
227,27656,35.7977,-78.6253,Contemporary Art Museum,35.776877328640275,-78.64545662310829,Art Gallery
228,27656,35.7977,-78.6253,Amplified Art,35.776144727709024,-78.63578867137181,Art Gallery
229,27656,35.7977,-78.6253,Visual Art Exchange,35.77695330983304,-78.64405511970232,Art Gallery
230,27656,35.7977,-78.6253,Flanders Gallery,35.77704243633512,-78.64633591207867,Art Gallery
231,27656,35.7977,-78.6253,311 West Martin Gallery,35.77704734821988,-78.64422884560048,Art Gallery
232,27656,35.7977,-78.6253,Gallery C,35.787644,-78.635778,Art Gallery
233,27656,35.7977,-78.6253,Trinity Gallery,35.787653859805374,-78.63629579544067,Art Gallery
234,27656,35.7977,-78.6253,Wine & Design,35.790383,-78.644437,Art Gallery
235,27656,35.7977,-78.6253,Adam Cave Fine Art,35.77831743856426,-78.63753845444194,Art Gallery
236,27656,35.7977,-78.6253,The Ruby Red,35.78973809855687,-78.64456195545674,Art Gallery
237,27656,35.7977,-78.6253,Mahler Gallery,35.77731734219244,-78.63943296040733,Art Gallery
238,27656,35.7977,-78.6253,Blake Street Shops & Studios,35.775879923408596,-78.63593806634475,Art Gallery
239,27656,35.7977,-78.6253,Jenn Hales - Illustration and Design,35.775812,-78.63620999999999,Art Gallery
240,27656,35.7977,-78.6253,SpiritWorks Art Studio,35.7814482909526,-78.64722847938538,Art Gallery
241,27656,35.7977,-78.6253,The Carter Building,35.78141002954122,-78.64738133352051,Art Gallery
242,27656,35.7977,-78.6253,Lump Art Gallery,35.773761797817414,-78.63661531773464,Art Gallery
243,27656,35.7977,-78.6253,Hargett Street First Friday Market,35.77828600347152,-78.63845246241056,General Entertainment
244,27656,35.7977,-78.6253,Roundabout Art Collective,35.788338,-78.662801,Art Gallery
245,27656,35.7977,-78.6253,Pullen Art Center,35.78494829463031,-78.66309604140153,Art Gallery
246,27656,35.7977,-78.6253,Thieves Market,35.7964815192701,-78.58208965986154,Art Gallery
247,27656,35.7977,-78.6253,NCSU - Crafts Center,35.78287495833663,-78.666983989665,Art Gallery
248,27656,35.7977,-78.6253,Gregg Museum of Art & Design,35.783905029296875,-78.67122650146484,Art Gallery
249,27656,35.7977,-78.6253,Holder Goods and Crafts,35.77250806749719,-78.64845356723114,Arts & Crafts Store
250,27675,35.7977,-78.6253,Artspace Visual Arts Center,35.775576077243834,-78.63633487045479,Art Gallery
251,27675,35.7977,-78.6253,Rebus Works,35.776923191751585,-78.64971001209481,Art Gallery
252,27675,35.7977,-78.6253,Contemporary Art Museum,35.776877328640275,-78.64545662310829,Art Gallery
253,27675,35.7977,-78.6253,Amplified Art,35.776144727709024,-78.63578867137181,Art Gallery
254,27675,35.7977,-78.6253,Visual Art Exchange,35.77695330983304,-78.64405511970232,Art Gallery
255,27675,35.7977,-78.6253,Flanders Gallery,35.77704243633512,-78.64633591207867,Art Gallery
256,27675,35.7977,-78.6253,311 West Martin Gallery,35.77704734821988,-78.64422884560048,Art Gallery
257,27675,35.7977,-78.6253,Gallery C,35.787644,-78.635778,Art Gallery
258,27675,35.7977,-78.6253,Trinity Gallery,35.787653859805374,-78.63629579544067,Art Gallery
259,27675,35.7977,-78.6253,Wine & Design,35.790383,-78.644437,Art Gallery
260,27675,35.7977,-78.6253,Adam Cave Fine Art,35.77831743856426,-78.63753845444194,Art Gallery
261,27675,35.7977,-78.6253,The Ruby Red,35.78973809855687,-78.64456195545674,Art Gallery
262,27675,35.7977,-78.6253,Mahler Gallery,35.77731734219244,-78.63943296040733,Art Gallery
263,27675,35.7977,-78.6253,Blake Street Shops & Studios,35.775879923408596,-78.63593806634475,Art Gallery
264,27675,35.7977,-78.6253,Jenn Hales - Illustration and Design,35.775812,-78.63620999999999,Art Gallery
265,27675,35.7977,-78.6253,SpiritWorks Art Studio,35.7814482909526,-78.64722847938538,Art Gallery
266,27675,35.7977,-78.6253,The Carter Building,35.78141002954122,-78.64738133352051,Art Gallery
267,27675,35.7977,-78.6253,Lump Art Gallery,35.773761797817414,-78.63661531773464,Art Gallery
268,27675,35.7977,-78.6253,Hargett Street First Friday Market,35.77828600347152,-78.63845246241056,General Entertainment
269,27675,35.7977,-78.6253,Roundabout Art Collective,35.788338,-78.662801,Art Gallery
270,27675,35.7977,-78.6253,Pullen Art Center,35.78494829463031,-78.66309604140153,Art Gallery
271,27675,35.7977,-78.6253,Thieves Market,35.7964815192701,-78.58208965986154,Art Gallery
272,27675,35.7977,-78.6253,NCSU - Crafts Center,35.78287495833663,-78.666983989665,Art Gallery
273,27675,35.7977,-78.6253,Gregg Museum of Art & Design,35.783905029296875,-78.67122650146484,Art Gallery
274,27675,35.7977,-78.6253,Holder Goods and Crafts,35.77250806749719,-78.64845356723114,Arts & Crafts Store
275,27697,35.7721,-78.6386,Artspace Visual Arts Center,35.775576077243834,-78.63633487045479,Art Gallery
276,27697,35.7721,-78.6386,Rebus Works,35.776923191751585,-78.64971001209481,Art Gallery
277,27697,35.7721,-78.6386,Contemporary Art Museum,35.776877328640275,-78.64545662310829,Art Gallery
278,27697,35.7721,-78.6386,Amplified Art,35.776144727709024,-78.63578867137181,Art Gallery
279,27697,35.7721,-78.6386,Visual Art Exchange,35.77695330983304,-78.64405511970232,Art Gallery
280,27697,35.7721,-78.6386,Flanders Gallery,35.77704243633512,-78.64633591207867,Art Gallery
281,27697,35.7721,-78.6386,311 West Martin Gallery,35.77704734821988,-78.64422884560048,Art Gallery
282,27697,35.7721,-78.6386,Lump Art Gallery,35.773761797817414,-78.63661531773464,Art Gallery
283,27697,35.7721,-78.6386,Jenn Hales - Illustration and Design,35.775812,-78.63620999999999,Art Gallery
284,27697,35.7721,-78.6386,Blake Street Shops & Studios,35.775879923408596,-78.63593806634475,Art Gallery
285,27697,35.7721,-78.6386,Mahler Gallery,35.77731734219244,-78.63943296040733,Art Gallery
286,27697,35.7721,-78.6386,Adam Cave Fine Art,35.77831743856426,-78.63753845444194,Art Gallery
287,27697,35.7721,-78.6386,Hargett Street First Friday Market,35.77828600347152,-78.63845246241056,General Entertainment
288,27697,35.7721,-78.6386,SpiritWorks Art Studio,35.7814482909526,-78.64722847938538,Art Gallery
289,27697,35.7721,-78.6386,The Carter Building,35.78141002954122,-78.64738133352051,Art Gallery
290,27697,35.7721,-78.6386,Trinity Gallery,35.787653859805374,-78.63629579544067,Art Gallery
291,27697,35.7721,-78.6386,Gallery C,35.787644,-78.635778,Art Gallery
292,27697,35.7721,-78.6386,Wine & Design,35.790383,-78.644437,Art Gallery
293,27697,35.7721,-78.6386,The Ruby Red,35.78973809855687,-78.64456195545674,Art Gallery
294,27697,35.7721,-78.6386,Pullen Art Center,35.78494829463031,-78.66309604140153,Art Gallery
295,27697,35.7721,-78.6386,NCSU - Crafts Center,35.78287495833663,-78.666983989665,Art Gallery
296,27697,35.7721,-78.6386,Roundabout Art Collective,35.788338,-78.662801,Art Gallery
297,27697,35.7721,-78.6386,Worlds Within,35.753847,-78.67041240000003,Art Gallery
298,27697,35.7721,-78.6386,Gregg Museum of Art & Design,35.783905029296875,-78.67122650146484,Art Gallery
299,27697,35.7721,-78.6386,Holder Goods and Crafts,35.77250806749719,-78.64845356723114,Arts & Crafts Store
300,27510,35.9055,-79.0901,This & That Gift Gallery,35.91052520682569,-79.07048170686089,Art Gallery
301,27510,35.9055,-79.0901,Wootini,35.911134000000004,-79.06930899999999,Art Gallery
302,27510,35.9055,-79.0901,Frank Gallery,35.913632,-79.05541099999999,Art Gallery
303,27510,35.9055,-79.0901,Strays Shipping Center & Art Gallery,35.880283,-79.06621899999999,Art Gallery
304,27516,35.9162,-79.0999,This & That Gift Gallery,35.91052520682569,-79.07048170686089,Art Gallery
305,27516,35.9162,-79.0999,Wootini,35.911134000000004,-79.06930899999999,Art Gallery
306,27516,35.9162,-79.0999,Frank Gallery,35.913632,-79.05541099999999,Art Gallery
307,27517,35.9182,-79.0035,Bluehills Studios Commercial Photography,35.91187,-79.013417,Art Gallery
308,27517,35.9182,-79.0035,Seagrove Pottery,35.927351037822746,-79.02493779148732,Art Gallery
309,27517,35.9182,-79.0035,Tyndall Galleries,35.92764157966078,-79.02738831750989,Art Gallery
310,27517,35.9182,-79.0035,Steinway Gallery,35.934026,-79.023085,Art Gallery
311,27517,35.9182,-79.0035,Turning Point Gallery,35.927358,-79.029609,Art Gallery
312,27517,35.9182,-79.0035,Wine & Design,35.90887451171875,-79.02503967285156,Art Gallery
313,27517,35.9182,-79.0035,Focal Point Gallery,35.925357818603516,-79.0378646850586,Art Gallery
314,27517,35.9182,-79.0035,Shelby Dillon Studio,35.941694,-78.96921,Art Gallery
315,27517,35.9182,-79.0035,Wine & Design,35.92165428022681,-78.95823084588727,Art Gallery
316,27517,35.9182,-79.0035,Howze Art,35.920842,-78.956102,Art Gallery
317,27517,35.9182,-79.0035,Frank Gallery,35.913632,-79.05541099999999,Art Gallery
318,27511,35.7641,-78.7786,Lucky Pie,35.78688328052887,-78.78277647043639,Art Gallery
319,27511,35.7641,-78.7786,Manifestationz,35.78699544526645,-78.78376040276615,Art Gallery
320,27511,35.7641,-78.7786,Emerge Fine Art,35.78676613631353,-78.78186464309692,Art Gallery
321,27511,35.7641,-78.7786,Cary Pottery,35.783251,-78.78195799999999,Art Gallery
322,27601,35.7727,-78.6324,Artspace Visual Arts Center,35.775576077243834,-78.63633487045479,Art Gallery
323,27601,35.7727,-78.6324,Rebus Works,35.776923191751585,-78.64971001209481,Art Gallery
324,27601,35.7727,-78.6324,Contemporary Art Museum,35.776877328640275,-78.64545662310829,Art Gallery
325,27601,35.7727,-78.6324,Amplified Art,35.776144727709024,-78.63578867137181,Art Gallery
326,27601,35.7727,-78.6324,Visual Art Exchange,35.77695330983304,-78.64405511970232,Art Gallery
327,27601,35.7727,-78.6324,Flanders Gallery,35.77704243633512,-78.64633591207867,Art Gallery
328,27601,35.7727,-78.6324,311 West Martin Gallery,35.77704734821988,-78.64422884560048,Art Gallery
329,27601,35.7727,-78.6324,Lump Art Gallery,35.773761797817414,-78.63661531773464,Art Gallery
330,27601,35.7727,-78.6324,Blake Street Shops & Studios,35.775879923408596,-78.63593806634475,Art Gallery
331,27601,35.7727,-78.6324,Jenn Hales - Illustration and Design,35.775812,-78.63620999999999,Art Gallery
332,27601,35.7727,-78.6324,Adam Cave Fine Art,35.77831743856426,-78.63753845444194,Art Gallery
333,27601,35.7727,-78.6324,Mahler Gallery,35.77731734219244,-78.63943296040733,Art Gallery
334,27601,35.7727,-78.6324,Hargett Street First Friday Market,35.77828600347152,-78.63845246241056,General Entertainment
335,27601,35.7727,-78.6324,SpiritWorks Art Studio,35.7814482909526,-78.64722847938538,Art Gallery
336,27601,35.7727,-78.6324,The Carter Building,35.78141002954122,-78.64738133352051,Art Gallery
337,27601,35.7727,-78.6324,Gallery C,35.787644,-78.635778,Art Gallery
338,27601,35.7727,-78.6324,Trinity Gallery,35.787653859805374,-78.63629579544067,Art Gallery
339,27601,35.7727,-78.6324,Wine & Design,35.790383,-78.644437,Art Gallery
340,27601,35.7727,-78.6324,The Ruby Red,35.78973809855687,-78.64456195545674,Art Gallery
341,27601,35.7727,-78.6324,Pullen Art Center,35.78494829463031,-78.66309604140153,Art Gallery
342,27601,35.7727,-78.6324,Roundabout Art Collective,35.788338,-78.662801,Art Gallery
343,27601,35.7727,-78.6324,NCSU - Crafts Center,35.78287495833663,-78.666983989665,Art Gallery
344,27601,35.7727,-78.6324,Worlds Within,35.753847,-78.67041240000003,Art Gallery
345,27601,35.7727,-78.6324,Gregg Museum of Art & Design,35.783905029296875,-78.67122650146484,Art Gallery
346,27601,35.7727,-78.6324,Authors And Art,35.7484130859375,-78.59264373779297,Art Gallery
347,27601,35.7727,-78.6324,Holder Goods and Crafts,35.77250806749719,-78.64845356723114,Arts & Crafts Store
348,27621,35.7977,-78.6253,Artspace Visual Arts Center,35.775576077243834,-78.63633487045479,Art Gallery
349,27621,35.7977,-78.6253,Rebus Works,35.776923191751585,-78.64971001209481,Art Gallery
350,27621,35.7977,-78.6253,Contemporary Art Museum,35.776877328640275,-78.64545662310829,Art Gallery
351,27621,35.7977,-78.6253,Amplified Art,35.776144727709024,-78.63578867137181,Art Gallery
352,27621,35.7977,-78.6253,Visual Art Exchange,35.77695330983304,-78.64405511970232,Art Gallery
353,27621,35.7977,-78.6253,Flanders Gallery,35.77704243633512,-78.64633591207867,Art Gallery
354,27621,35.7977,-78.6253,311 West Martin Gallery,35.77704734821988,-78.64422884560048,Art Gallery
355,27621,35.7977,-78.6253,Gallery C,35.787644,-78.635778,Art Gallery
356,27621,35.7977,-78.6253,Trinity Gallery,35.787653859805374,-78.63629579544067,Art Gallery
357,27621,35.7977,-78.6253,Wine & Design,35.790383,-78.644437,Art Gallery
358,27621,35.7977,-78.6253,Adam Cave Fine Art,35.77831743856426,-78.63753845444194,Art Gallery
359,27621,35.7977,-78.6253,The Ruby Red,35.78973809855687,-78.64456195545674,Art Gallery
360,27621,35.7977,-78.6253,Mahler Gallery,35.77731734219244,-78.63943296040733,Art Gallery
361,27621,35.7977,-78.6253,Blake Street Shops & Studios,35.775879923408596,-78.63593806634475,Art Gallery
362,27621,35.7977,-78.6253,Jenn Hales - Illustration and Design,35.775812,-78.63620999999999,Art Gallery
363,27621,35.7977,-78.6253,SpiritWorks Art Studio,35.7814482909526,-78.64722847938538,Art Gallery
364,27621,35.7977,-78.6253,The Carter Building,35.78141002954122,-78.64738133352051,Art Gallery
365,27621,35.7977,-78.6253,Lump Art Gallery,35.773761797817414,-78.63661531773464,Art Gallery
366,27621,35.7977,-78.6253,Hargett Street First Friday Market,35.77828600347152,-78.63845246241056,General Entertainment
367,27621,35.7977,-78.6253,Roundabout Art Collective,35.788338,-78.662801,Art Gallery
368,27621,35.7977,-78.6253,Pullen Art Center,35.78494829463031,-78.66309604140153,Art Gallery
369,27621,35.7977,-78.6253,Thieves Market,35.7964815192701,-78.58208965986154,Art Gallery
370,27621,35.7977,-78.6253,NCSU - Crafts Center,35.78287495833663,-78.666983989665,Art Gallery
371,27621,35.7977,-78.6253,Gregg Museum of Art & Design,35.783905029296875,-78.67122650146484,Art Gallery
372,27621,35.7977,-78.6253,Holder Goods and Crafts,35.77250806749719,-78.64845356723114,Arts & Crafts Store
373,27513,35.7956,-78.7941,Lucky Pie,35.78688328052887,-78.78277647043639,Art Gallery
374,27513,35.7956,-78.7941,Manifestationz,35.78699544526645,-78.78376040276615,Art Gallery
375,27513,35.7956,-78.7941,Emerge Fine Art,35.78676613631353,-78.78186464309692,Art Gallery
376,27513,35.7956,-78.7941,Cary Pottery,35.783251,-78.78195799999999,Art Gallery
377,27626,35.7977,-78.6253,Artspace Visual Arts Center,35.775576077243834,-78.63633487045479,Art Gallery
378,27626,35.7977,-78.6253,Rebus Works,35.776923191751585,-78.64971001209481,Art Gallery
379,27626,35.7977,-78.6253,Contemporary Art Museum,35.776877328640275,-78.64545662310829,Art Gallery
380,27626,35.7977,-78.6253,Amplified Art,35.776144727709024,-78.63578867137181,Art Gallery
381,27626,35.7977,-78.6253,Visual Art Exchange,35.77695330983304,-78.64405511970232,Art Gallery
382,27626,35.7977,-78.6253,Flanders Gallery,35.77704243633512,-78.64633591207867,Art Gallery
383,27626,35.7977,-78.6253,311 West Martin Gallery,35.77704734821988,-78.64422884560048,Art Gallery
384,27626,35.7977,-78.6253,Gallery C,35.787644,-78.635778,Art Gallery
385,27626,35.7977,-78.6253,Trinity Gallery,35.787653859805374,-78.63629579544067,Art Gallery
386,27626,35.7977,-78.6253,Wine & Design,35.790383,-78.644437,Art Gallery
387,27626,35.7977,-78.6253,Adam Cave Fine Art,35.77831743856426,-78.63753845444194,Art Gallery
388,27626,35.7977,-78.6253,The Ruby Red,35.78973809855687,-78.64456195545674,Art Gallery
389,27626,35.7977,-78.6253,Mahler Gallery,35.77731734219244,-78.63943296040733,Art Gallery
390,27626,35.7977,-78.6253,Blake Street Shops & Studios,35.775879923408596,-78.63593806634475,Art Gallery
391,27626,35.7977,-78.6253,Jenn Hales - Illustration and Design,35.775812,-78.63620999999999,Art Gallery
392,27626,35.7977,-78.6253,SpiritWorks Art Studio,35.7814482909526,-78.64722847938538,Art Gallery
393,27626,35.7977,-78.6253,The Carter Building,35.78141002954122,-78.64738133352051,Art Gallery
394,27626,35.7977,-78.6253,Lump Art Gallery,35.773761797817414,-78.63661531773464,Art Gallery
395,27626,35.7977,-78.6253,Hargett Street First Friday Market,35.77828600347152,-78.63845246241056,General Entertainment
396,27626,35.7977,-78.6253,Roundabout Art Collective,35.788338,-78.662801,Art Gallery
397,27626,35.7977,-78.6253,Pullen Art Center,35.78494829463031,-78.66309604140153,Art Gallery
398,27626,35.7977,-78.6253,Thieves Market,35.7964815192701,-78.58208965986154,Art Gallery
399,27626,35.7977,-78.6253,NCSU - Crafts Center,35.78287495833663,-78.666983989665,Art Gallery
400,27626,35.7977,-78.6253,Gregg Museum of Art & Design,35.783905029296875,-78.67122650146484,Art Gallery
401,27626,35.7977,-78.6253,Holder Goods and Crafts,35.77250806749719,-78.64845356723114,Arts & Crafts Store
402,27518,35.7299,-78.7735,Frame Masters and Awards,35.736647999999995,-78.779974,Art Gallery
403,27518,35.7299,-78.7735,Waverly Artist Group,35.73843081109784,-78.77798382136602,Art Gallery
404,27518,35.7299,-78.7735,AR Workshop Cary,35.736669,-78.798068,Art Gallery
405,27628,35.7977,-78.6253,Artspace Visual Arts Center,35.775576077243834,-78.63633487045479,Art Gallery
406,27628,35.7977,-78.6253,Rebus Works,35.776923191751585,-78.64971001209481,Art Gallery
407,27628,35.7977,-78.6253,Contemporary Art Museum,35.776877328640275,-78.64545662310829,Art Gallery
408,27628,35.7977,-78.6253,Amplified Art,35.776144727709024,-78.63578867137181,Art Gallery
409,27628,35.7977,-78.6253,Visual Art Exchange,35.77695330983304,-78.64405511970232,Art Gallery
410,27628,35.7977,-78.6253,Flanders Gallery,35.77704243633512,-78.64633591207867,Art Gallery
411,27628,35.7977,-78.6253,311 West Martin Gallery,35.77704734821988,-78.64422884560048,Art Gallery
412,27628,35.7977,-78.6253,Gallery C,35.787644,-78.635778,Art Gallery
413,27628,35.7977,-78.6253,Trinity Gallery,35.787653859805374,-78.63629579544067,Art Gallery
414,27628,35.7977,-78.6253,Wine & Design,35.790383,-78.644437,Art Gallery
415,27628,35.7977,-78.6253,Adam Cave Fine Art,35.77831743856426,-78.63753845444194,Art Gallery
416,27628,35.7977,-78.6253,The Ruby Red,35.78973809855687,-78.64456195545674,Art Gallery
417,27628,35.7977,-78.6253,Mahler Gallery,35.77731734219244,-78.63943296040733,Art Gallery
418,27628,35.7977,-78.6253,Blake Street Shops & Studios,35.775879923408596,-78.63593806634475,Art Gallery
419,27628,35.7977,-78.6253,Jenn Hales - Illustration and Design,35.775812,-78.63620999999999,Art Gallery
420,27628,35.7977,-78.6253,SpiritWorks Art Studio,35.7814482909526,-78.64722847938538,Art Gallery
421,27628,35.7977,-78.6253,The Carter Building,35.78141002954122,-78.64738133352051,Art Gallery
422,27628,35.7977,-78.6253,Lump Art Gallery,35.773761797817414,-78.63661531773464,Art Gallery
423,27628,35.7977,-78.6253,Hargett Street First Friday Market,35.77828600347152,-78.63845246241056,General Entertainment
424,27628,35.7977,-78.6253,Roundabout Art Collective,35.788338,-78.662801,Art Gallery
425,27628,35.7977,-78.6253,Pullen Art Center,35.78494829463031,-78.66309604140153,Art Gallery
426,27628,35.7977,-78.6253,Thieves Market,35.7964815192701,-78.58208965986154,Art Gallery
427,27628,35.7977,-78.6253,NCSU - Crafts Center,35.78287495833663,-78.666983989665,Art Gallery
428,27628,35.7977,-78.6253,Gregg Museum of Art & Design,35.783905029296875,-78.67122650146484,Art Gallery
429,27628,35.7977,-78.6253,Holder Goods and Crafts,35.77250806749719,-78.64845356723114,Arts & Crafts Store
430,27629,35.8175,-78.5524,RomanSushyk Photography,35.818206787109375,-78.57738494873047,Art Gallery
431,27629,35.8175,-78.5524,Nicole's Studio & Art Gallery,35.7989387512207,-78.56437683105469,Art Gallery
432,27629,35.8175,-78.5524,Thieves Market,35.7964815192701,-78.58208965986154,Art Gallery
433,27706,35.997,-78.9422,Nasher Museum of Art,35.99898934179774,-78.92904068742855,Art Gallery
434,27706,35.997,-78.9422,The Scrap Exchange,35.9903063227327,-78.92732111090767,Art Gallery
435,27706,35.997,-78.9422,The Fruit (Durham Fruit and Produce Co.),35.99065,-78.89663900000001,Art Gallery
436,27706,35.997,-78.9422,Dogstar Tattoo,35.989988205212,-78.89081061896833,Art Gallery
437,27706,35.997,-78.9422,Pleiades Gallery,35.996931459940804,-78.90347603532645,Art Gallery
438,27706,35.997,-78.9422,The Carrack,35.995799795816964,-78.90067319089178,Art Gallery
439,27706,35.997,-78.9422,SPECTRE Arts,35.98906656777104,-78.88956069946289,Art Gallery
440,27706,35.997,-78.9422,Art Craft Framing Company,36.008712,-78.921875,Art Gallery
441,27706,35.997,-78.9422,Craven Allen Gallery,36.015918,-78.918964,Art Gallery
442,27706,35.997,-78.9422,Vega Metals Inc.,36.000213,-78.900673,Art Gallery
443,27706,35.997,-78.9422,LabourLove Gallery,35.99023101666667,-78.89098763465881,Art Gallery
444,27514,35.9203,-79.0372,This & That Gift Gallery,35.91052520682569,-79.07048170686089,Art Gallery
445,27514,35.9203,-79.0372,Frank Gallery,35.913632,-79.05541099999999,Art Gallery
446,27514,35.9203,-79.0372,Wootini,35.911134000000004,-79.06930899999999,Art Gallery
447,27587,35.9815,-78.5392,The Cotton Company,35.976868,-78.510353,Art Gallery
448,27587,35.9815,-78.5392,Red Rooster Gallery,35.97213,-78.547529,Art Gallery
449,27587,35.9815,-78.5392,LEDE Studio & Gallery,35.974191,-78.51155200000001,Art Gallery
450,27587,35.9815,-78.5392,The Artist's Loft,35.97800827026367,-78.50997924804688,Art Gallery
451,27587,35.9815,-78.5392,Guilded Palette Gallery,35.97869715,-78.50972388,Art Gallery
452,27587,35.9815,-78.5392,HW Gallery,35.979068756103516,-78.50919342041016,Art Gallery
453,27587,35.9815,-78.5392,Sunflower Studio,35.977609,-78.509352,Art Gallery
454,27587,35.9815,-78.5392,southern suds,35.97746276855469,-78.50897979736328,Art Gallery
455,27587,35.9815,-78.5392,727 North Main St. Art Studio,35.990044,-78.504984,Art Gallery
456,27587,35.9815,-78.5392,Red Rooster Gallery,35.952476,-78.526776,Art Gallery
457,27587,35.9815,-78.5392,Wine & Design,35.9516655,-78.5272907,Art Gallery
458,27587,35.9815,-78.5392,Wine And Design,35.95075104802833,-78.51390673222782,Art Gallery
459,27587,35.9815,-78.5392,A Picture To Remember,36.01325225830078,-78.51480102539062,Art Gallery
460,27597,35.8321,-78.3174,The Wonc,35.823473,-78.315434,Art Gallery
461,27597,35.8321,-78.3174,Dragon's Lair,35.823285,-78.310141,Art Gallery
462,27604,35.8334,-78.5799,RomanSushyk Photography,35.818206787109375,-78.57738494873047,Art Gallery
463,27604,35.8334,-78.5799,Grace Li Wang Art Gallery,35.848670959472656,-78.59474182128906,Art Gallery
464,27604,35.8334,-78.5799,Sky Site Aerial Photography,35.834103000000006,-78.61814100000001,Art Gallery
465,27604,35.8334,-78.5799,Celik Fine Arts,35.864827,-78.5718,Art Gallery
466,27604,35.8334,-78.5799,Art Caricatures Murals by Bruce Stevenson,35.855106,-78.609461,Art Gallery
467,27604,35.8334,-78.5799,Artopia,35.86592538392357,-78.59044436690274,Art Gallery
468,27604,35.8334,-78.5799,Stevens Gallery and Framing,35.867416,-78.588118,Art Gallery
469,27604,35.8334,-78.5799,Nicole's Studio & Art Gallery,35.7989387512207,-78.56437683105469,Art Gallery
470,27604,35.8334,-78.5799,Thieves Market,35.7964815192701,-78.58208965986154,Art Gallery
471,27604,35.8334,-78.5799,Lee Hansley Gallery,35.8087158203125,-78.62124633789062,Art Gallery
472,27604,35.8334,-78.5799,Glas,35.8087158203125,-78.62124633789062,Art Gallery
473,27604,35.8334,-78.5799,Larkspur Party,35.867045000000005,-78.598663,Event Space
474,27604,35.8334,-78.5799,Touchberry Media,35.849592,-78.629257,Art Gallery
475,27608,35.8077,-78.6463,Artspace Visual Arts Center,35.775576077243834,-78.63633487045479,Art Gallery
476,27608,35.8077,-78.6463,Rebus Works,35.776923191751585,-78.64971001209481,Art Gallery
477,27608,35.8077,-78.6463,Contemporary Art Museum,35.776877328640275,-78.64545662310829,Art Gallery
478,27608,35.8077,-78.6463,Visual Art Exchange,35.77695330983304,-78.64405511970232,Art Gallery
479,27608,35.8077,-78.6463,Amplified Art,35.776144727709024,-78.63578867137181,Art Gallery
480,27608,35.8077,-78.6463,Flanders Gallery,35.77704243633512,-78.64633591207867,Art Gallery
481,27608,35.8077,-78.6463,311 West Martin Gallery,35.77704734821988,-78.64422884560048,Art Gallery
482,27608,35.8077,-78.6463,Wine & Design,35.790383,-78.644437,Art Gallery
483,27608,35.8077,-78.6463,Trinity Gallery,35.787653859805374,-78.63629579544067,Art Gallery
484,27608,35.8077,-78.6463,Gallery C,35.787644,-78.635778,Art Gallery
485,27608,35.8077,-78.6463,The Ruby Red,35.78973809855687,-78.64456195545674,Art Gallery
486,27608,35.8077,-78.6463,Roundabout Art Collective,35.788338,-78.662801,Art Gallery
487,27608,35.8077,-78.6463,SpiritWorks Art Studio,35.7814482909526,-78.64722847938538,Art Gallery
488,27608,35.8077,-78.6463,The Carter Building,35.78141002954122,-78.64738133352051,Art Gallery
489,27608,35.8077,-78.6463,Pullen Art Center,35.78494829463031,-78.66309604140153,Art Gallery
490,27608,35.8077,-78.6463,NCSU - Crafts Center,35.78287495833663,-78.666983989665,Art Gallery
491,27608,35.8077,-78.6463,Adam Cave Fine Art,35.77831743856426,-78.63753845444194,Art Gallery
492,27608,35.8077,-78.6463,Mahler Gallery,35.77731734219244,-78.63943296040733,Art Gallery
493,27608,35.8077,-78.6463,Blake Street Shops & Studios,35.775879923408596,-78.63593806634475,Art Gallery
494,27608,35.8077,-78.6463,Jenn Hales - Illustration and Design,35.775812,-78.63620999999999,Art Gallery
495,27608,35.8077,-78.6463,Lump Art Gallery,35.773761797817414,-78.63661531773464,Art Gallery
496,27608,35.8077,-78.6463,Hargett Street First Friday Market,35.77828600347152,-78.63845246241056,General Entertainment
497,27608,35.8077,-78.6463,Gregg Museum of Art & Design,35.783905029296875,-78.67122650146484,Art Gallery
498,27608,35.8077,-78.6463,Holder Goods and Crafts,35.77250806749719,-78.64845356723114,Arts & Crafts Store
499,27609,35.848,-78.6317,Artistic Abandon,35.881742473897496,-78.64751778428763,Art Gallery
500,27609,35.848,-78.6317,Unpublish Test,35.86427688598633,-78.622314453125,Art Gallery
501,27609,35.848,-78.6317,Sertoma Arts Center,35.85883941915814,-78.66501909961772,Art Gallery
502,27609,35.848,-78.6317,Bev's Fine Art,35.88125232921658,-78.64500731591468,Art Gallery
503,27609,35.848,-78.6317,Artistic Abandon,35.880629,-78.647361,Art Gallery
504,27625,35.7977,-78.6253,Artspace Visual Arts Center,35.775576077243834,-78.63633487045479,Art Gallery
505,27625,35.7977,-78.6253,Rebus Works,35.776923191751585,-78.64971001209481,Art Gallery
506,27625,35.7977,-78.6253,Contemporary Art Museum,35.776877328640275,-78.64545662310829,Art Gallery
507,27625,35.7977,-78.6253,Amplified Art,35.776144727709024,-78.63578867137181,Art Gallery
508,27625,35.7977,-78.6253,Visual Art Exchange,35.77695330983304,-78.64405511970232,Art Gallery
509,27625,35.7977,-78.6253,Flanders Gallery,35.77704243633512,-78.64633591207867,Art Gallery
510,27625,35.7977,-78.6253,311 West Martin Gallery,35.77704734821988,-78.64422884560048,Art Gallery
511,27625,35.7977,-78.6253,Gallery C,35.787644,-78.635778,Art Gallery
512,27625,35.7977,-78.6253,Trinity Gallery,35.787653859805374,-78.63629579544067,Art Gallery
513,27625,35.7977,-78.6253,Wine & Design,35.790383,-78.644437,Art Gallery
514,27625,35.7977,-78.6253,Adam Cave Fine Art,35.77831743856426,-78.63753845444194,Art Gallery
515,27625,35.7977,-78.6253,The Ruby Red,35.78973809855687,-78.64456195545674,Art Gallery
516,27625,35.7977,-78.6253,Mahler Gallery,35.77731734219244,-78.63943296040733,Art Gallery
517,27625,35.7977,-78.6253,Blake Street Shops & Studios,35.775879923408596,-78.63593806634475,Art Gallery
518,27625,35.7977,-78.6253,Jenn Hales - Illustration and Design,35.775812,-78.63620999999999,Art Gallery
519,27625,35.7977,-78.6253,SpiritWorks Art Studio,35.7814482909526,-78.64722847938538,Art Gallery
520,27625,35.7977,-78.6253,The Carter Building,35.78141002954122,-78.64738133352051,Art Gallery
521,27625,35.7977,-78.6253,Lump Art Gallery,35.773761797817414,-78.63661531773464,Art Gallery
522,27625,35.7977,-78.6253,Hargett Street First Friday Market,35.77828600347152,-78.63845246241056,General Entertainment
523,27625,35.7977,-78.6253,Roundabout Art Collective,35.788338,-78.662801,Art Gallery
524,27625,35.7977,-78.6253,Pullen Art Center,35.78494829463031,-78.66309604140153,Art Gallery
525,27625,35.7977,-78.6253,Thieves Market,35.7964815192701,-78.58208965986154,Art Gallery
526,27625,35.7977,-78.6253,NCSU - Crafts Center,35.78287495833663,-78.666983989665,Art Gallery
527,27625,35.7977,-78.6253,Gregg Museum of Art & Design,35.783905029296875,-78.67122650146484,Art Gallery
528,27625,35.7977,-78.6253,Holder Goods and Crafts,35.77250806749719,-78.64845356723114,Arts & Crafts Store
529,27661,35.7977,-78.6253,Artspace Visual Arts Center,35.775576077243834,-78.63633487045479,Art Gallery
530,27661,35.7977,-78.6253,Rebus Works,35.776923191751585,-78.64971001209481,Art Gallery
531,27661,35.7977,-78.6253,Contemporary Art Museum,35.776877328640275,-78.64545662310829,Art Gallery
532,27661,35.7977,-78.6253,Amplified Art,35.776144727709024,-78.63578867137181,Art Gallery
533,27661,35.7977,-78.6253,Visual Art Exchange,35.77695330983304,-78.64405511970232,Art Gallery
534,27661,35.7977,-78.6253,Flanders Gallery,35.77704243633512,-78.64633591207867,Art Gallery
535,27661,35.7977,-78.6253,311 West Martin Gallery,35.77704734821988,-78.64422884560048,Art Gallery
536,27661,35.7977,-78.6253,Gallery C,35.787644,-78.635778,Art Gallery
537,27661,35.7977,-78.6253,Trinity Gallery,35.787653859805374,-78.63629579544067,Art Gallery
538,27661,35.7977,-78.6253,Wine & Design,35.790383,-78.644437,Art Gallery
539,27661,35.7977,-78.6253,Adam Cave Fine Art,35.77831743856426,-78.63753845444194,Art Gallery
540,27661,35.7977,-78.6253,The Ruby Red,35.78973809855687,-78.64456195545674,Art Gallery
541,27661,35.7977,-78.6253,Mahler Gallery,35.77731734219244,-78.63943296040733,Art Gallery
542,27661,35.7977,-78.6253,Blake Street Shops & Studios,35.775879923408596,-78.63593806634475,Art Gallery
543,27661,35.7977,-78.6253,Jenn Hales - Illustration and Design,35.775812,-78.63620999999999,Art Gallery
544,27661,35.7977,-78.6253,SpiritWorks Art Studio,35.7814482909526,-78.64722847938538,Art Gallery
545,27661,35.7977,-78.6253,The Carter Building,35.78141002954122,-78.64738133352051,Art Gallery
546,27661,35.7977,-78.6253,Lump Art Gallery,35.773761797817414,-78.63661531773464,Art Gallery
547,27661,35.7977,-78.6253,Hargett Street First Friday Market,35.77828600347152,-78.63845246241056,General Entertainment
548,27661,35.7977,-78.6253,Roundabout Art Collective,35.788338,-78.662801,Art Gallery
549,27661,35.7977,-78.6253,Pullen Art Center,35.78494829463031,-78.66309604140153,Art Gallery
550,27661,35.7977,-78.6253,Thieves Market,35.7964815192701,-78.58208965986154,Art Gallery
551,27661,35.7977,-78.6253,NCSU - Crafts Center,35.78287495833663,-78.666983989665,Art Gallery
552,27661,35.7977,-78.6253,Gregg Museum of Art & Design,35.783905029296875,-78.67122650146484,Art Gallery
553,27661,35.7977,-78.6253,Holder Goods and Crafts,35.77250806749719,-78.64845356723114,Arts & Crafts Store
554,27698,35.7977,-78.6253,Artspace Visual Arts Center,35.775576077243834,-78.63633487045479,Art Gallery
555,27698,35.7977,-78.6253,Rebus Works,35.776923191751585,-78.64971001209481,Art Gallery
556,27698,35.7977,-78.6253,Contemporary Art Museum,35.776877328640275,-78.64545662310829,Art Gallery
557,27698,35.7977,-78.6253,Amplified Art,35.776144727709024,-78.63578867137181,Art Gallery
558,27698,35.7977,-78.6253,Visual Art Exchange,35.77695330983304,-78.64405511970232,Art Gallery
559,27698,35.7977,-78.6253,Flanders Gallery,35.77704243633512,-78.64633591207867,Art Gallery
560,27698,35.7977,-78.6253,311 West Martin Gallery,35.77704734821988,-78.64422884560048,Art Gallery
561,27698,35.7977,-78.6253,Gallery C,35.787644,-78.635778,Art Gallery
562,27698,35.7977,-78.6253,Trinity Gallery,35.787653859805374,-78.63629579544067,Art Gallery
563,27698,35.7977,-78.6253,Wine & Design,35.790383,-78.644437,Art Gallery
564,27698,35.7977,-78.6253,Adam Cave Fine Art,35.77831743856426,-78.63753845444194,Art Gallery
565,27698,35.7977,-78.6253,The Ruby Red,35.78973809855687,-78.64456195545674,Art Gallery
566,27698,35.7977,-78.6253,Mahler Gallery,35.77731734219244,-78.63943296040733,Art Gallery
567,27698,35.7977,-78.6253,Blake Street Shops & Studios,35.775879923408596,-78.63593806634475,Art Gallery
568,27698,35.7977,-78.6253,Jenn Hales - Illustration and Design,35.775812,-78.63620999999999,Art Gallery
569,27698,35.7977,-78.6253,SpiritWorks Art Studio,35.7814482909526,-78.64722847938538,Art Gallery
570,27698,35.7977,-78.6253,The Carter Building,35.78141002954122,-78.64738133352051,Art Gallery
571,27698,35.7977,-78.6253,Lump Art Gallery,35.773761797817414,-78.63661531773464,Art Gallery
572,27698,35.7977,-78.6253,Hargett Street First Friday Market,35.77828600347152,-78.63845246241056,General Entertainment
573,27698,35.7977,-78.6253,Roundabout Art Collective,35.788338,-78.662801,Art Gallery
574,27698,35.7977,-78.6253,Pullen Art Center,35.78494829463031,-78.66309604140153,Art Gallery
575,27698,35.7977,-78.6253,Thieves Market,35.7964815192701,-78.58208965986154,Art Gallery
576,27698,35.7977,-78.6253,NCSU - Crafts Center,35.78287495833663,-78.666983989665,Art Gallery
577,27698,35.7977,-78.6253,Gregg Museum of Art & Design,35.783905029296875,-78.67122650146484,Art Gallery
578,27698,35.7977,-78.6253,Holder Goods and Crafts,35.77250806749719,-78.64845356723114,Arts & Crafts Store
579,27713,35.9112,-78.9178,Torocity Designs,35.920106,-78.914694,Art Gallery
580,27713,35.9112,-78.9178,The Azul Ocean LLC,35.892324,-78.946991,Art Gallery
581,27713,35.9112,-78.9178,Howze Art,35.920842,-78.956102,Art Gallery
582,27713,35.9112,-78.9178,Chapel Hill Carrboro City Schools Art Gallery,35.92849427805862,-78.88368467788705,Art Gallery
583,27713,35.9112,-78.9178,Wine & Design,35.92165428022681,-78.95823084588727,Art Gallery
584,27540,35.6263,-78.8458,Bullock Family Gallery,35.624799,-78.800614,Art Gallery
585,27540,35.6263,-78.8458,le nails,35.60486602783203,-78.80247497558594,Art Gallery
586,27605,35.7908,-78.653,Artspace Visual Arts Center,35.775576077243834,-78.63633487045479,Art Gallery
587,27605,35.7908,-78.653,Rebus Works,35.776923191751585,-78.64971001209481,Art Gallery
588,27605,35.7908,-78.653,Contemporary Art Museum,35.776877328640275,-78.64545662310829,Art Gallery
589,27605,35.7908,-78.653,Visual Art Exchange,35.77695330983304,-78.64405511970232,Art Gallery
590,27605,35.7908,-78.653,Amplified Art,35.776144727709024,-78.63578867137181,Art Gallery
591,27605,35.7908,-78.653,Flanders Gallery,35.77704243633512,-78.64633591207867,Art Gallery
592,27605,35.7908,-78.653,311 West Martin Gallery,35.77704734821988,-78.64422884560048,Art Gallery
593,27605,35.7908,-78.653,Wine & Design,35.790383,-78.644437,Art Gallery
594,27605,35.7908,-78.653,Roundabout Art Collective,35.788338,-78.662801,Art Gallery
595,27605,35.7908,-78.653,Pullen Art Center,35.78494829463031,-78.66309604140153,Art Gallery
596,27605,35.7908,-78.653,The Carter Building,35.78141002954122,-78.64738133352051,Art Gallery
597,27605,35.7908,-78.653,SpiritWorks Art Studio,35.7814482909526,-78.64722847938538,Art Gallery
598,27605,35.7908,-78.653,The Ruby Red,35.78973809855687,-78.64456195545674,Art Gallery
599,27605,35.7908,-78.653,NCSU - Crafts Center,35.78287495833663,-78.666983989665,Art Gallery
600,27605,35.7908,-78.653,Trinity Gallery,35.787653859805374,-78.63629579544067,Art Gallery
601,27605,35.7908,-78.653,Gallery C,35.787644,-78.635778,Art Gallery
602,27605,35.7908,-78.653,Mahler Gallery,35.77731734219244,-78.63943296040733,Art Gallery
603,27605,35.7908,-78.653,Adam Cave Fine Art,35.77831743856426,-78.63753845444194,Art Gallery
604,27605,35.7908,-78.653,Jenn Hales - Illustration and Design,35.775812,-78.63620999999999,Art Gallery
605,27605,35.7908,-78.653,Blake Street Shops & Studios,35.775879923408596,-78.63593806634475,Art Gallery
606,27605,35.7908,-78.653,Gregg Museum of Art & Design,35.783905029296875,-78.67122650146484,Art Gallery
607,27605,35.7908,-78.653,Lump Art Gallery,35.773761797817414,-78.63661531773464,Art Gallery
608,27605,35.7908,-78.653,Hargett Street First Friday Market,35.77828600347152,-78.63845246241056,General Entertainment
609,27605,35.7908,-78.653,Worlds Within,35.753847,-78.67041240000003,Art Gallery
610,27605,35.7908,-78.653,Holder Goods and Crafts,35.77250806749719,-78.64845356723114,Arts & Crafts Store
611,27624,35.7977,-78.6253,Artspace Visual Arts Center,35.775576077243834,-78.63633487045479,Art Gallery
612,27624,35.7977,-78.6253,Rebus Works,35.776923191751585,-78.64971001209481,Art Gallery
613,27624,35.7977,-78.6253,Contemporary Art Museum,35.776877328640275,-78.64545662310829,Art Gallery
614,27624,35.7977,-78.6253,Amplified Art,35.776144727709024,-78.63578867137181,Art Gallery
615,27624,35.7977,-78.6253,Visual Art Exchange,35.77695330983304,-78.64405511970232,Art Gallery
616,27624,35.7977,-78.6253,Flanders Gallery,35.77704243633512,-78.64633591207867,Art Gallery
617,27624,35.7977,-78.6253,311 West Martin Gallery,35.77704734821988,-78.64422884560048,Art Gallery
618,27624,35.7977,-78.6253,Gallery C,35.787644,-78.635778,Art Gallery
619,27624,35.7977,-78.6253,Trinity Gallery,35.787653859805374,-78.63629579544067,Art Gallery
620,27624,35.7977,-78.6253,Wine & Design,35.790383,-78.644437,Art Gallery
621,27624,35.7977,-78.6253,Adam Cave Fine Art,35.77831743856426,-78.63753845444194,Art Gallery
622,27624,35.7977,-78.6253,The Ruby Red,35.78973809855687,-78.64456195545674,Art Gallery
623,27624,35.7977,-78.6253,Mahler Gallery,35.77731734219244,-78.63943296040733,Art Gallery
624,27624,35.7977,-78.6253,Blake Street Shops & Studios,35.775879923408596,-78.63593806634475,Art Gallery
625,27624,35.7977,-78.6253,Jenn Hales - Illustration and Design,35.775812,-78.63620999999999,Art Gallery
626,27624,35.7977,-78.6253,SpiritWorks Art Studio,35.7814482909526,-78.64722847938538,Art Gallery
627,27624,35.7977,-78.6253,The Carter Building,35.78141002954122,-78.64738133352051,Art Gallery
628,27624,35.7977,-78.6253,Lump Art Gallery,35.773761797817414,-78.63661531773464,Art Gallery
629,27624,35.7977,-78.6253,Hargett Street First Friday Market,35.77828600347152,-78.63845246241056,General Entertainment
630,27624,35.7977,-78.6253,Roundabout Art Collective,35.788338,-78.662801,Art Gallery
631,27624,35.7977,-78.6253,Pullen Art Center,35.78494829463031,-78.66309604140153,Art Gallery
632,27624,35.7977,-78.6253,Thieves Market,35.7964815192701,-78.58208965986154,Art Gallery
633,27624,35.7977,-78.6253,NCSU - Crafts Center,35.78287495833663,-78.666983989665,Art Gallery
634,27624,35.7977,-78.6253,Gregg Museum of Art & Design,35.783905029296875,-78.67122650146484,Art Gallery
635,27624,35.7977,-78.6253,Holder Goods and Crafts,35.77250806749719,-78.64845356723114,Arts & Crafts Store
636,27635,35.7977,-78.6253,Artspace Visual Arts Center,35.775576077243834,-78.63633487045479,Art Gallery
637,27635,35.7977,-78.6253,Rebus Works,35.776923191751585,-78.64971001209481,Art Gallery
638,27635,35.7977,-78.6253,Contemporary Art Museum,35.776877328640275,-78.64545662310829,Art Gallery
639,27635,35.7977,-78.6253,Amplified Art,35.776144727709024,-78.63578867137181,Art Gallery
640,27635,35.7977,-78.6253,Visual Art Exchange,35.77695330983304,-78.64405511970232,Art Gallery
641,27635,35.7977,-78.6253,Flanders Gallery,35.77704243633512,-78.64633591207867,Art Gallery
642,27635,35.7977,-78.6253,311 West Martin Gallery,35.77704734821988,-78.64422884560048,Art Gallery
643,27635,35.7977,-78.6253,Gallery C,35.787644,-78.635778,Art Gallery
644,27635,35.7977,-78.6253,Trinity Gallery,35.787653859805374,-78.63629579544067,Art Gallery
645,27635,35.7977,-78.6253,Wine & Design,35.790383,-78.644437,Art Gallery
646,27635,35.7977,-78.6253,Adam Cave Fine Art,35.77831743856426,-78.63753845444194,Art Gallery
647,27635,35.7977,-78.6253,The Ruby Red,35.78973809855687,-78.64456195545674,Art Gallery
648,27635,35.7977,-78.6253,Mahler Gallery,35.77731734219244,-78.63943296040733,Art Gallery
649,27635,35.7977,-78.6253,Blake Street Shops & Studios,35.775879923408596,-78.63593806634475,Art Gallery
650,27635,35.7977,-78.6253,Jenn Hales - Illustration and Design,35.775812,-78.63620999999999,Art Gallery
651,27635,35.7977,-78.6253,SpiritWorks Art Studio,35.7814482909526,-78.64722847938538,Art Gallery
652,27635,35.7977,-78.6253,The Carter Building,35.78141002954122,-78.64738133352051,Art Gallery
653,27635,35.7977,-78.6253,Lump Art Gallery,35.773761797817414,-78.63661531773464,Art Gallery
654,27635,35.7977,-78.6253,Hargett Street First Friday Market,35.77828600347152,-78.63845246241056,General Entertainment
655,27635,35.7977,-78.6253,Roundabout Art Collective,35.788338,-78.662801,Art Gallery
656,27635,35.7977,-78.6253,Pullen Art Center,35.78494829463031,-78.66309604140153,Art Gallery
657,27635,35.7977,-78.6253,Thieves Market,35.7964815192701,-78.58208965986154,Art Gallery
658,27635,35.7977,-78.6253,NCSU - Crafts Center,35.78287495833663,-78.666983989665,Art Gallery
659,27635,35.7977,-78.6253,Gregg Museum of Art & Design,35.783905029296875,-78.67122650146484,Art Gallery
660,27635,35.7977,-78.6253,Holder Goods and Crafts,35.77250806749719,-78.64845356723114,Arts & Crafts Store
661,27676,35.7977,-78.6253,Artspace Visual Arts Center,35.775576077243834,-78.63633487045479,Art Gallery
662,27676,35.7977,-78.6253,Rebus Works,35.776923191751585,-78.64971001209481,Art Gallery
663,27676,35.7977,-78.6253,Contemporary Art Museum,35.776877328640275,-78.64545662310829,Art Gallery
664,27676,35.7977,-78.6253,Amplified Art,35.776144727709024,-78.63578867137181,Art Gallery
665,27676,35.7977,-78.6253,Visual Art Exchange,35.77695330983304,-78.64405511970232,Art Gallery
666,27676,35.7977,-78.6253,Flanders Gallery,35.77704243633512,-78.64633591207867,Art Gallery
667,27676,35.7977,-78.6253,311 West Martin Gallery,35.77704734821988,-78.64422884560048,Art Gallery
668,27676,35.7977,-78.6253,Gallery C,35.787644,-78.635778,Art Gallery
669,27676,35.7977,-78.6253,Trinity Gallery,35.787653859805374,-78.63629579544067,Art Gallery
670,27676,35.7977,-78.6253,Wine & Design,35.790383,-78.644437,Art Gallery
671,27676,35.7977,-78.6253,Adam Cave Fine Art,35.77831743856426,-78.63753845444194,Art Gallery
672,27676,35.7977,-78.6253,The Ruby Red,35.78973809855687,-78.64456195545674,Art Gallery
673,27676,35.7977,-78.6253,Mahler Gallery,35.77731734219244,-78.63943296040733,Art Gallery
674,27676,35.7977,-78.6253,Blake Street Shops & Studios,35.775879923408596,-78.63593806634475,Art Gallery
675,27676,35.7977,-78.6253,Jenn Hales - Illustration and Design,35.775812,-78.63620999999999,Art Gallery
676,27676,35.7977,-78.6253,SpiritWorks Art Studio,35.7814482909526,-78.64722847938538,Art Gallery
677,27676,35.7977,-78.6253,The Carter Building,35.78141002954122,-78.64738133352051,Art Gallery
678,27676,35.7977,-78.6253,Lump Art Gallery,35.773761797817414,-78.63661531773464,Art Gallery
679,27676,35.7977,-78.6253,Hargett Street First Friday Market,35.77828600347152,-78.63845246241056,General Entertainment
680,27676,35.7977,-78.6253,Roundabout Art Collective,35.788338,-78.662801,Art Gallery
681,27676,35.7977,-78.6253,Pullen Art Center,35.78494829463031,-78.66309604140153,Art Gallery
682,27676,35.7977,-78.6253,Thieves Market,35.7964815192701,-78.58208965986154,Art Gallery
683,27676,35.7977,-78.6253,NCSU - Crafts Center,35.78287495833663,-78.666983989665,Art Gallery
684,27676,35.7977,-78.6253,Gregg Museum of Art & Design,35.783905029296875,-78.67122650146484,Art Gallery
685,27676,35.7977,-78.6253,Holder Goods and Crafts,35.77250806749719,-78.64845356723114,Arts & Crafts Store
686,27278,36.0756,-79.0914,Hillsborough Arts Council,36.075686,-79.099161,Art Gallery
687,27278,36.0756,-79.0914,Eno Gallery,36.07524490356445,-79.09957885742188,Art Gallery
688,27278,36.0756,-79.0914,Hillsborough Artists Cooperative,36.075686,-79.099639,Art Gallery
689,27278,36.0756,-79.0914,Churton Street Gallery,36.07496,-79.099665,Art Gallery
690,27278,36.0756,-79.0914,Hillsborough Gallery Of Art,36.076037,-79.09969699999999,Art Gallery
691,27278,36.0756,-79.0914,Dead Sea Gallery and Studio,36.083020681864284,-79.07971197543556,Art Gallery
692,27278,36.0756,-79.0914,Gallery 71,36.083624,-79.080004,Art Gallery
693,27515,35.9132,-79.0558,This & That Gift Gallery,35.91052520682569,-79.07048170686089,Art Gallery
694,27515,35.9132,-79.0558,Frank Gallery,35.913632,-79.05541099999999,Art Gallery
695,27515,35.9132,-79.0558,Wootini,35.911134000000004,-79.06930899999999,Art Gallery
696,27515,35.9132,-79.0558,Strays Shipping Center & Art Gallery,35.880283,-79.06621899999999,Art Gallery
697,27599,36.0525,-79.1077,Churton Street Gallery,36.07496,-79.099665,Art Gallery
698,27599,36.0525,-79.1077,Eno Gallery,36.07524490356445,-79.09957885742188,Art Gallery
699,27599,36.0525,-79.1077,Hillsborough Artists Cooperative,36.075686,-79.099639,Art Gallery
700,27599,36.0525,-79.1077,Hillsborough Arts Council,36.075686,-79.099161,Art Gallery
701,27599,36.0525,-79.1077,Hillsborough Gallery Of Art,36.076037,-79.09969699999999,Art Gallery
702,27599,36.0525,-79.1077,Dead Sea Gallery and Studio,36.083020681864284,-79.07971197543556,Art Gallery
703,27599,36.0525,-79.1077,Gallery 71,36.083624,-79.080004,Art Gallery
704,27512,35.8084,-78.8395,Polka Dot Palette,35.821190930485784,-78.85591406028487,Art Gallery
705,27610,35.7667,-78.6008,Artspace Visual Arts Center,35.775576077243834,-78.63633487045479,Art Gallery
706,27610,35.7667,-78.6008,Rebus Works,35.776923191751585,-78.64971001209481,Art Gallery
707,27610,35.7667,-78.6008,Contemporary Art Museum,35.776877328640275,-78.64545662310829,Art Gallery
708,27610,35.7667,-78.6008,Amplified Art,35.776144727709024,-78.63578867137181,Art Gallery
709,27610,35.7667,-78.6008,Visual Art Exchange,35.77695330983304,-78.64405511970232,Art Gallery
710,27610,35.7667,-78.6008,Flanders Gallery,35.77704243633512,-78.64633591207867,Art Gallery
711,27610,35.7667,-78.6008,311 West Martin Gallery,35.77704734821988,-78.64422884560048,Art Gallery
712,27610,35.7667,-78.6008,Authors And Art,35.7484130859375,-78.59264373779297,Art Gallery
713,27610,35.7667,-78.6008,Lump Art Gallery,35.773761797817414,-78.63661531773464,Art Gallery
714,27610,35.7667,-78.6008,Blake Street Shops & Studios,35.775879923408596,-78.63593806634475,Art Gallery
715,27610,35.7667,-78.6008,Jenn Hales - Illustration and Design,35.775812,-78.63620999999999,Art Gallery
716,27610,35.7667,-78.6008,Adam Cave Fine Art,35.77831743856426,-78.63753845444194,Art Gallery
717,27610,35.7667,-78.6008,Mahler Gallery,35.77731734219244,-78.63943296040733,Art Gallery
718,27610,35.7667,-78.6008,Thieves Market,35.7964815192701,-78.58208965986154,Art Gallery
719,27610,35.7667,-78.6008,Gallery C,35.787644,-78.635778,Art Gallery
720,27610,35.7667,-78.6008,Trinity Gallery,35.787653859805374,-78.63629579544067,Art Gallery
721,27610,35.7667,-78.6008,Hargett Street First Friday Market,35.77828600347152,-78.63845246241056,General Entertainment
722,27610,35.7667,-78.6008,SpiritWorks Art Studio,35.7814482909526,-78.64722847938538,Art Gallery
723,27610,35.7667,-78.6008,The Carter Building,35.78141002954122,-78.64738133352051,Art Gallery
724,27610,35.7667,-78.6008,Wine & Design,35.790383,-78.644437,Art Gallery
725,27610,35.7667,-78.6008,The Ruby Red,35.78973809855687,-78.64456195545674,Art Gallery
726,27610,35.7667,-78.6008,Holder Goods and Crafts,35.77250806749719,-78.64845356723114,Arts & Crafts Store
727,27612,35.852,-78.6841,Artistic Abandon,35.881742473897496,-78.64751778428763,Art Gallery
728,27612,35.852,-78.6841,Sertoma Arts Center,35.85883941915814,-78.66501909961772,Art Gallery
729,27612,35.852,-78.6841,Artistic Abandon,35.880629,-78.647361,Art Gallery
730,27612,35.852,-78.6841,Bev's Fine Art,35.88125232921658,-78.64500731591468,Art Gallery
731,27622,35.7977,-78.6253,Artspace Visual Arts Center,35.775576077243834,-78.63633487045479,Art Gallery
732,27622,35.7977,-78.6253,Rebus Works,35.776923191751585,-78.64971001209481,Art Gallery
733,27622,35.7977,-78.6253,Contemporary Art Museum,35.776877328640275,-78.64545662310829,Art Gallery
734,27622,35.7977,-78.6253,Amplified Art,35.776144727709024,-78.63578867137181,Art Gallery
735,27622,35.7977,-78.6253,Visual Art Exchange,35.77695330983304,-78.64405511970232,Art Gallery
736,27622,35.7977,-78.6253,Flanders Gallery,35.77704243633512,-78.64633591207867,Art Gallery
737,27622,35.7977,-78.6253,311 West Martin Gallery,35.77704734821988,-78.64422884560048,Art Gallery
738,27622,35.7977,-78.6253,Gallery C,35.787644,-78.635778,Art Gallery
739,27622,35.7977,-78.6253,Trinity Gallery,35.787653859805374,-78.63629579544067,Art Gallery
740,27622,35.7977,-78.6253,Wine & Design,35.790383,-78.644437,Art Gallery
741,27622,35.7977,-78.6253,Adam Cave Fine Art,35.77831743856426,-78.63753845444194,Art Gallery
742,27622,35.7977,-78.6253,The Ruby Red,35.78973809855687,-78.64456195545674,Art Gallery
743,27622,35.7977,-78.6253,Mahler Gallery,35.77731734219244,-78.63943296040733,Art Gallery
744,27622,35.7977,-78.6253,Blake Street Shops & Studios,35.775879923408596,-78.63593806634475,Art Gallery
745,27622,35.7977,-78.6253,Jenn Hales - Illustration and Design,35.775812,-78.63620999999999,Art Gallery
746,27622,35.7977,-78.6253,SpiritWorks Art Studio,35.7814482909526,-78.64722847938538,Art Gallery
747,27622,35.7977,-78.6253,The Carter Building,35.78141002954122,-78.64738133352051,Art Gallery
748,27622,35.7977,-78.6253,Lump Art Gallery,35.773761797817414,-78.63661531773464,Art Gallery
749,27622,35.7977,-78.6253,Hargett Street First Friday Market,35.77828600347152,-78.63845246241056,General Entertainment
750,27622,35.7977,-78.6253,Roundabout Art Collective,35.788338,-78.662801,Art Gallery
751,27622,35.7977,-78.6253,Pullen Art Center,35.78494829463031,-78.66309604140153,Art Gallery
752,27622,35.7977,-78.6253,Thieves Market,35.7964815192701,-78.58208965986154,Art Gallery
753,27622,35.7977,-78.6253,NCSU - Crafts Center,35.78287495833663,-78.666983989665,Art Gallery
754,27622,35.7977,-78.6253,Gregg Museum of Art & Design,35.783905029296875,-78.67122650146484,Art Gallery
755,27622,35.7977,-78.6253,Holder Goods and Crafts,35.77250806749719,-78.64845356723114,Arts & Crafts Store
756,27623,35.7977,-78.6253,Artspace Visual Arts Center,35.775576077243834,-78.63633487045479,Art Gallery
757,27623,35.7977,-78.6253,Rebus Works,35.776923191751585,-78.64971001209481,Art Gallery
758,27623,35.7977,-78.6253,Contemporary Art Museum,35.776877328640275,-78.64545662310829,Art Gallery
759,27623,35.7977,-78.6253,Amplified Art,35.776144727709024,-78.63578867137181,Art Gallery
760,27623,35.7977,-78.6253,Visual Art Exchange,35.77695330983304,-78.64405511970232,Art Gallery
761,27623,35.7977,-78.6253,Flanders Gallery,35.77704243633512,-78.64633591207867,Art Gallery
762,27623,35.7977,-78.6253,311 West Martin Gallery,35.77704734821988,-78.64422884560048,Art Gallery
763,27623,35.7977,-78.6253,Gallery C,35.787644,-78.635778,Art Gallery
764,27623,35.7977,-78.6253,Trinity Gallery,35.787653859805374,-78.63629579544067,Art Gallery
765,27623,35.7977,-78.6253,Wine & Design,35.790383,-78.644437,Art Gallery
766,27623,35.7977,-78.6253,Adam Cave Fine Art,35.77831743856426,-78.63753845444194,Art Gallery
767,27623,35.7977,-78.6253,The Ruby Red,35.78973809855687,-78.64456195545674,Art Gallery
768,27623,35.7977,-78.6253,Mahler Gallery,35.77731734219244,-78.63943296040733,Art Gallery
769,27623,35.7977,-78.6253,Blake Street Shops & Studios,35.775879923408596,-78.63593806634475,Art Gallery
770,27623,35.7977,-78.6253,Jenn Hales - Illustration and Design,35.775812,-78.63620999999999,Art Gallery
771,27623,35.7977,-78.6253,SpiritWorks Art Studio,35.7814482909526,-78.64722847938538,Art Gallery
772,27623,35.7977,-78.6253,The Carter Building,35.78141002954122,-78.64738133352051,Art Gallery
773,27623,35.7977,-78.6253,Lump Art Gallery,35.773761797817414,-78.63661531773464,Art Gallery
774,27623,35.7977,-78.6253,Hargett Street First Friday Market,35.77828600347152,-78.63845246241056,General Entertainment
775,27623,35.7977,-78.6253,Roundabout Art Collective,35.788338,-78.662801,Art Gallery
776,27623,35.7977,-78.6253,Pullen Art Center,35.78494829463031,-78.66309604140153,Art Gallery
777,27623,35.7977,-78.6253,Thieves Market,35.7964815192701,-78.58208965986154,Art Gallery
778,27623,35.7977,-78.6253,NCSU - Crafts Center,35.78287495833663,-78.666983989665,Art Gallery
779,27623,35.7977,-78.6253,Gregg Museum of Art & Design,35.783905029296875,-78.67122650146484,Art Gallery
780,27623,35.7977,-78.6253,Holder Goods and Crafts,35.77250806749719,-78.64845356723114,Arts & Crafts Store
781,27640,35.7977,-78.6253,Artspace Visual Arts Center,35.775576077243834,-78.63633487045479,Art Gallery
782,27640,35.7977,-78.6253,Rebus Works,35.776923191751585,-78.64971001209481,Art Gallery
783,27640,35.7977,-78.6253,Contemporary Art Museum,35.776877328640275,-78.64545662310829,Art Gallery
784,27640,35.7977,-78.6253,Amplified Art,35.776144727709024,-78.63578867137181,Art Gallery
785,27640,35.7977,-78.6253,Visual Art Exchange,35.77695330983304,-78.64405511970232,Art Gallery
786,27640,35.7977,-78.6253,Flanders Gallery,35.77704243633512,-78.64633591207867,Art Gallery
787,27640,35.7977,-78.6253,311 West Martin Gallery,35.77704734821988,-78.64422884560048,Art Gallery
788,27640,35.7977,-78.6253,Gallery C,35.787644,-78.635778,Art Gallery
789,27640,35.7977,-78.6253,Trinity Gallery,35.787653859805374,-78.63629579544067,Art Gallery
790,27640,35.7977,-78.6253,Wine & Design,35.790383,-78.644437,Art Gallery
791,27640,35.7977,-78.6253,Adam Cave Fine Art,35.77831743856426,-78.63753845444194,Art Gallery
792,27640,35.7977,-78.6253,The Ruby Red,35.78973809855687,-78.64456195545674,Art Gallery
793,27640,35.7977,-78.6253,Mahler Gallery,35.77731734219244,-78.63943296040733,Art Gallery
794,27640,35.7977,-78.6253,Blake Street Shops & Studios,35.775879923408596,-78.63593806634475,Art Gallery
795,27640,35.7977,-78.6253,Jenn Hales - Illustration and Design,35.775812,-78.63620999999999,Art Gallery
796,27640,35.7977,-78.6253,SpiritWorks Art Studio,35.7814482909526,-78.64722847938538,Art Gallery
797,27640,35.7977,-78.6253,The Carter Building,35.78141002954122,-78.64738133352051,Art Gallery
798,27640,35.7977,-78.6253,Lump Art Gallery,35.773761797817414,-78.63661531773464,Art Gallery
799,27640,35.7977,-78.6253,Hargett Street First Friday Market,35.77828600347152,-78.63845246241056,General Entertainment
800,27640,35.7977,-78.6253,Roundabout Art Collective,35.788338,-78.662801,Art Gallery
801,27640,35.7977,-78.6253,Pullen Art Center,35.78494829463031,-78.66309604140153,Art Gallery
802,27640,35.7977,-78.6253,Thieves Market,35.7964815192701,-78.58208965986154,Art Gallery
803,27640,35.7977,-78.6253,NCSU - Crafts Center,35.78287495833663,-78.666983989665,Art Gallery
804,27640,35.7977,-78.6253,Gregg Museum of Art & Design,35.783905029296875,-78.67122650146484,Art Gallery
805,27640,35.7977,-78.6253,Holder Goods and Crafts,35.77250806749719,-78.64845356723114,Arts & Crafts Store
806,27701,35.9967,-78.8966,The Fruit (Durham Fruit and Produce Co.),35.99065,-78.89663900000001,Art Gallery
807,27701,35.9967,-78.8966,Dogstar Tattoo,35.989988205212,-78.89081061896833,Art Gallery
808,27701,35.9967,-78.8966,The Carrack,35.995799795816964,-78.90067319089178,Art Gallery
809,27701,35.9967,-78.8966,Pleiades Gallery,35.996931459940804,-78.90347603532645,Art Gallery
810,27701,35.9967,-78.8966,SPECTRE Arts,35.98906656777104,-78.88956069946289,Art Gallery
811,27701,35.9967,-78.8966,The Scrap Exchange,35.9903063227327,-78.92732111090767,Art Gallery
812,27701,35.9967,-78.8966,Nasher Museum of Art,35.99898934179774,-78.92904068742855,Art Gallery
813,27701,35.9967,-78.8966,LabourLove Gallery,35.99023101666667,-78.89098763465881,Art Gallery
814,27701,35.9967,-78.8966,Vega Metals Inc.,36.000213,-78.900673,Art Gallery
815,27701,35.9967,-78.8966,Craven Allen Gallery,36.015918,-78.918964,Art Gallery
816,27701,35.9967,-78.8966,Art Craft Framing Company,36.008712,-78.921875,Art Gallery
817,27708,36.0287,-78.92399999999999,Nasher Museum of Art,35.99898934179774,-78.92904068742855,Art Gallery
818,27708,36.0287,-78.92399999999999,The Scrap Exchange,35.9903063227327,-78.92732111090767,Art Gallery
819,27708,36.0287,-78.92399999999999,Pleiades Gallery,35.996931459940804,-78.90347603532645,Art Gallery
820,27708,36.0287,-78.92399999999999,The Carrack,35.995799795816964,-78.90067319089178,Art Gallery
821,27708,36.0287,-78.92399999999999,Craven Allen Gallery,36.015918,-78.918964,Art Gallery
822,27708,36.0287,-78.92399999999999,Art Craft Framing Company,36.008712,-78.921875,Art Gallery
823,27708,36.0287,-78.92399999999999,Vega Metals Inc.,36.000213,-78.900673,Art Gallery
824,27712,36.0918,-78.9299,Hugh Mangum Museum of Photography,36.06870066956609,-78.90970945358276,Art Gallery
825,27607,35.8014,-78.6877,Rebus Works,35.776923191751585,-78.64971001209481,Art Gallery
826,27607,35.8014,-78.6877,Contemporary Art Museum,35.776877328640275,-78.64545662310829,Art Gallery
827,27607,35.8014,-78.6877,Visual Art Exchange,35.77695330983304,-78.64405511970232,Art Gallery
828,27607,35.8014,-78.6877,Flanders Gallery,35.77704243633512,-78.64633591207867,Art Gallery
829,27607,35.8014,-78.6877,311 West Martin Gallery,35.77704734821988,-78.64422884560048,Art Gallery
830,27607,35.8014,-78.6877,Roundabout Art Collective,35.788338,-78.662801,Art Gallery
831,27607,35.8014,-78.6877,NCSU - Crafts Center,35.78287495833663,-78.666983989665,Art Gallery
832,27607,35.8014,-78.6877,Pullen Art Center,35.78494829463031,-78.66309604140153,Art Gallery
833,27607,35.8014,-78.6877,Gregg Museum of Art & Design,35.783905029296875,-78.67122650146484,Art Gallery
834,27607,35.8014,-78.6877,Wine & Design,35.790383,-78.644437,Art Gallery
835,27607,35.8014,-78.6877,The Carter Building,35.78141002954122,-78.64738133352051,Art Gallery
836,27607,35.8014,-78.6877,SpiritWorks Art Studio,35.7814482909526,-78.64722847938538,Art Gallery
837,27607,35.8014,-78.6877,The Ruby Red,35.78973809855687,-78.64456195545674,Art Gallery
838,27607,35.8014,-78.6877,Holder Goods and Crafts,35.77250806749719,-78.64845356723114,Arts & Crafts Store
839,27611,35.7977,-78.6253,Artspace Visual Arts Center,35.775576077243834,-78.63633487045479,Art Gallery
840,27611,35.7977,-78.6253,Rebus Works,35.776923191751585,-78.64971001209481,Art Gallery
841,27611,35.7977,-78.6253,Contemporary Art Museum,35.776877328640275,-78.64545662310829,Art Gallery
842,27611,35.7977,-78.6253,Amplified Art,35.776144727709024,-78.63578867137181,Art Gallery
843,27611,35.7977,-78.6253,Visual Art Exchange,35.77695330983304,-78.64405511970232,Art Gallery
844,27611,35.7977,-78.6253,Flanders Gallery,35.77704243633512,-78.64633591207867,Art Gallery
845,27611,35.7977,-78.6253,311 West Martin Gallery,35.77704734821988,-78.64422884560048,Art Gallery
846,27611,35.7977,-78.6253,Gallery C,35.787644,-78.635778,Art Gallery
847,27611,35.7977,-78.6253,Trinity Gallery,35.787653859805374,-78.63629579544067,Art Gallery
848,27611,35.7977,-78.6253,Wine & Design,35.790383,-78.644437,Art Gallery
849,27611,35.7977,-78.6253,Adam Cave Fine Art,35.77831743856426,-78.63753845444194,Art Gallery
850,27611,35.7977,-78.6253,The Ruby Red,35.78973809855687,-78.64456195545674,Art Gallery
851,27611,35.7977,-78.6253,Mahler Gallery,35.77731734219244,-78.63943296040733,Art Gallery
852,27611,35.7977,-78.6253,Blake Street Shops & Studios,35.775879923408596,-78.63593806634475,Art Gallery
853,27611,35.7977,-78.6253,Jenn Hales - Illustration and Design,35.775812,-78.63620999999999,Art Gallery
854,27611,35.7977,-78.6253,SpiritWorks Art Studio,35.7814482909526,-78.64722847938538,Art Gallery
855,27611,35.7977,-78.6253,The Carter Building,35.78141002954122,-78.64738133352051,Art Gallery
856,27611,35.7977,-78.6253,Lump Art Gallery,35.773761797817414,-78.63661531773464,Art Gallery
857,27611,35.7977,-78.6253,Hargett Street First Friday Market,35.77828600347152,-78.63845246241056,General Entertainment
858,27611,35.7977,-78.6253,Roundabout Art Collective,35.788338,-78.662801,Art Gallery
859,27611,35.7977,-78.6253,Pullen Art Center,35.78494829463031,-78.66309604140153,Art Gallery
860,27611,35.7977,-78.6253,Thieves Market,35.7964815192701,-78.58208965986154,Art Gallery
861,27611,35.7977,-78.6253,NCSU - Crafts Center,35.78287495833663,-78.666983989665,Art Gallery
862,27611,35.7977,-78.6253,Gregg Museum of Art & Design,35.783905029296875,-78.67122650146484,Art Gallery
863,27611,35.7977,-78.6253,Holder Goods and Crafts,35.77250806749719,-78.64845356723114,Arts & Crafts Store
864,27620,35.7977,-78.6253,Artspace Visual Arts Center,35.775576077243834,-78.63633487045479,Art Gallery
865,27620,35.7977,-78.6253,Rebus Works,35.776923191751585,-78.64971001209481,Art Gallery
866,27620,35.7977,-78.6253,Contemporary Art Museum,35.776877328640275,-78.64545662310829,Art Gallery
867,27620,35.7977,-78.6253,Amplified Art,35.776144727709024,-78.63578867137181,Art Gallery
868,27620,35.7977,-78.6253,Visual Art Exchange,35.77695330983304,-78.64405511970232,Art Gallery
869,27620,35.7977,-78.6253,Flanders Gallery,35.77704243633512,-78.64633591207867,Art Gallery
870,27620,35.7977,-78.6253,311 West Martin Gallery,35.77704734821988,-78.64422884560048,Art Gallery
871,27620,35.7977,-78.6253,Gallery C,35.787644,-78.635778,Art Gallery
872,27620,35.7977,-78.6253,Trinity Gallery,35.787653859805374,-78.63629579544067,Art Gallery
873,27620,35.7977,-78.6253,Wine & Design,35.790383,-78.644437,Art Gallery
874,27620,35.7977,-78.6253,Adam Cave Fine Art,35.77831743856426,-78.63753845444194,Art Gallery
875,27620,35.7977,-78.6253,The Ruby Red,35.78973809855687,-78.64456195545674,Art Gallery
876,27620,35.7977,-78.6253,Mahler Gallery,35.77731734219244,-78.63943296040733,Art Gallery
877,27620,35.7977,-78.6253,Blake Street Shops & Studios,35.775879923408596,-78.63593806634475,Art Gallery
878,27620,35.7977,-78.6253,Jenn Hales - Illustration and Design,35.775812,-78.63620999999999,Art Gallery
879,27620,35.7977,-78.6253,SpiritWorks Art Studio,35.7814482909526,-78.64722847938538,Art Gallery
880,27620,35.7977,-78.6253,The Carter Building,35.78141002954122,-78.64738133352051,Art Gallery
881,27620,35.7977,-78.6253,Lump Art Gallery,35.773761797817414,-78.63661531773464,Art Gallery
882,27620,35.7977,-78.6253,Hargett Street First Friday Market,35.77828600347152,-78.63845246241056,General Entertainment
883,27620,35.7977,-78.6253,Roundabout Art Collective,35.788338,-78.662801,Art Gallery
884,27620,35.7977,-78.6253,Pullen Art Center,35.78494829463031,-78.66309604140153,Art Gallery
885,27620,35.7977,-78.6253,Thieves Market,35.7964815192701,-78.58208965986154,Art Gallery
886,27620,35.7977,-78.6253,NCSU - Crafts Center,35.78287495833663,-78.666983989665,Art Gallery
887,27620,35.7977,-78.6253,Gregg Museum of Art & Design,35.783905029296875,-78.67122650146484,Art Gallery
888,27620,35.7977,-78.6253,Holder Goods and Crafts,35.77250806749719,-78.64845356723114,Arts & Crafts Store
889,27634,35.7977,-78.6253,Artspace Visual Arts Center,35.775576077243834,-78.63633487045479,Art Gallery
890,27634,35.7977,-78.6253,Rebus Works,35.776923191751585,-78.64971001209481,Art Gallery
891,27634,35.7977,-78.6253,Contemporary Art Museum,35.776877328640275,-78.64545662310829,Art Gallery
892,27634,35.7977,-78.6253,Amplified Art,35.776144727709024,-78.63578867137181,Art Gallery
893,27634,35.7977,-78.6253,Visual Art Exchange,35.77695330983304,-78.64405511970232,Art Gallery
894,27634,35.7977,-78.6253,Flanders Gallery,35.77704243633512,-78.64633591207867,Art Gallery
895,27634,35.7977,-78.6253,311 West Martin Gallery,35.77704734821988,-78.64422884560048,Art Gallery
896,27634,35.7977,-78.6253,Gallery C,35.787644,-78.635778,Art Gallery
897,27634,35.7977,-78.6253,Trinity Gallery,35.787653859805374,-78.63629579544067,Art Gallery
898,27634,35.7977,-78.6253,Wine & Design,35.790383,-78.644437,Art Gallery
899,27634,35.7977,-78.6253,Adam Cave Fine Art,35.77831743856426,-78.63753845444194,Art Gallery
900,27634,35.7977,-78.6253,The Ruby Red,35.78973809855687,-78.64456195545674,Art Gallery
901,27634,35.7977,-78.6253,Mahler Gallery,35.77731734219244,-78.63943296040733,Art Gallery
902,27634,35.7977,-78.6253,Blake Street Shops & Studios,35.775879923408596,-78.63593806634475,Art Gallery
903,27634,35.7977,-78.6253,Jenn Hales - Illustration and Design,35.775812,-78.63620999999999,Art Gallery
904,27634,35.7977,-78.6253,SpiritWorks Art Studio,35.7814482909526,-78.64722847938538,Art Gallery
905,27634,35.7977,-78.6253,The Carter Building,35.78141002954122,-78.64738133352051,Art Gallery
906,27634,35.7977,-78.6253,Lump Art Gallery,35.773761797817414,-78.63661531773464,Art Gallery
907,27634,35.7977,-78.6253,Hargett Street First Friday Market,35.77828600347152,-78.63845246241056,General Entertainment
908,27634,35.7977,-78.6253,Roundabout Art Collective,35.788338,-78.662801,Art Gallery
909,27634,35.7977,-78.6253,Pullen Art Center,35.78494829463031,-78.66309604140153,Art Gallery
910,27634,35.7977,-78.6253,Thieves Market,35.7964815192701,-78.58208965986154,Art Gallery
911,27634,35.7977,-78.6253,NCSU - Crafts Center,35.78287495833663,-78.666983989665,Art Gallery
912,27634,35.7977,-78.6253,Gregg Museum of Art & Design,35.783905029296875,-78.67122650146484,Art Gallery
913,27634,35.7977,-78.6253,Holder Goods and Crafts,35.77250806749719,-78.64845356723114,Arts & Crafts Store
914,27658,35.7977,-78.6253,Artspace Visual Arts Center,35.775576077243834,-78.63633487045479,Art Gallery
915,27658,35.7977,-78.6253,Rebus Works,35.776923191751585,-78.64971001209481,Art Gallery
916,27658,35.7977,-78.6253,Contemporary Art Museum,35.776877328640275,-78.64545662310829,Art Gallery
917,27658,35.7977,-78.6253,Amplified Art,35.776144727709024,-78.63578867137181,Art Gallery
918,27658,35.7977,-78.6253,Visual Art Exchange,35.77695330983304,-78.64405511970232,Art Gallery
919,27658,35.7977,-78.6253,Flanders Gallery,35.77704243633512,-78.64633591207867,Art Gallery
920,27658,35.7977,-78.6253,311 West Martin Gallery,35.77704734821988,-78.64422884560048,Art Gallery
921,27658,35.7977,-78.6253,Gallery C,35.787644,-78.635778,Art Gallery
922,27658,35.7977,-78.6253,Trinity Gallery,35.787653859805374,-78.63629579544067,Art Gallery
923,27658,35.7977,-78.6253,Wine & Design,35.790383,-78.644437,Art Gallery
924,27658,35.7977,-78.6253,Adam Cave Fine Art,35.77831743856426,-78.63753845444194,Art Gallery
925,27658,35.7977,-78.6253,The Ruby Red,35.78973809855687,-78.64456195545674,Art Gallery
926,27658,35.7977,-78.6253,Mahler Gallery,35.77731734219244,-78.63943296040733,Art Gallery
927,27658,35.7977,-78.6253,Blake Street Shops & Studios,35.775879923408596,-78.63593806634475,Art Gallery
928,27658,35.7977,-78.6253,Jenn Hales - Illustration and Design,35.775812,-78.63620999999999,Art Gallery
929,27658,35.7977,-78.6253,SpiritWorks Art Studio,35.7814482909526,-78.64722847938538,Art Gallery
930,27658,35.7977,-78.6253,The Carter Building,35.78141002954122,-78.64738133352051,Art Gallery
931,27658,35.7977,-78.6253,Lump Art Gallery,35.773761797817414,-78.63661531773464,Art Gallery
932,27658,35.7977,-78.6253,Hargett Street First Friday Market,35.77828600347152,-78.63845246241056,General Entertainment
933,27658,35.7977,-78.6253,Roundabout Art Collective,35.788338,-78.662801,Art Gallery
934,27658,35.7977,-78.6253,Pullen Art Center,35.78494829463031,-78.66309604140153,Art Gallery
935,27658,35.7977,-78.6253,Thieves Market,35.7964815192701,-78.58208965986154,Art Gallery
936,27658,35.7977,-78.6253,NCSU - Crafts Center,35.78287495833663,-78.666983989665,Art Gallery
937,27658,35.7977,-78.6253,Gregg Museum of Art & Design,35.783905029296875,-78.67122650146484,Art Gallery
938,27658,35.7977,-78.6253,Holder Goods and Crafts,35.77250806749719,-78.64845356723114,Arts & Crafts Store
939,27703,35.9781,-78.8439,Dogstar Tattoo,35.989988205212,-78.89081061896833,Art Gallery
940,27703,35.9781,-78.8439,SPECTRE Arts,35.98906656777104,-78.88956069946289,Art Gallery
941,27703,35.9781,-78.8439,LabourLove Gallery,35.99023101666667,-78.89098763465881,Art Gallery
942,27707,35.9631,-78.9315,The Scrap Exchange,35.9903063227327,-78.92732111090767,Art Gallery
943,27707,35.9631,-78.9315,Nasher Museum of Art,35.99898934179774,-78.92904068742855,Art Gallery
944,27707,35.9631,-78.9315,The Fruit (Durham Fruit and Produce Co.),35.99065,-78.89663900000001,Art Gallery
945,27707,35.9631,-78.9315,Dogstar Tattoo,35.989988205212,-78.89081061896833,Art Gallery
946,27707,35.9631,-78.9315,SPECTRE Arts,35.98906656777104,-78.88956069946289,Art Gallery
947,27707,35.9631,-78.9315,Pleiades Gallery,35.996931459940804,-78.90347603532645,Art Gallery
948,27707,35.9631,-78.9315,The Carrack,35.995799795816964,-78.90067319089178,Art Gallery
949,27707,35.9631,-78.9315,LabourLove Gallery,35.99023101666667,-78.89098763465881,Art Gallery
950,27722,35.994,-78.8986,The Fruit (Durham Fruit and Produce Co.),35.99065,-78.89663900000001,Art Gallery
951,27722,35.994,-78.8986,Dogstar Tattoo,35.989988205212,-78.89081061896833,Art Gallery
952,27722,35.994,-78.8986,The Carrack,35.995799795816964,-78.90067319089178,Art Gallery
953,27722,35.994,-78.8986,Pleiades Gallery,35.996931459940804,-78.90347603532645,Art Gallery
954,27722,35.994,-78.8986,SPECTRE Arts,35.98906656777104,-78.88956069946289,Art Gallery
955,27722,35.994,-78.8986,The Scrap Exchange,35.9903063227327,-78.92732111090767,Art Gallery
956,27722,35.994,-78.8986,Nasher Museum of Art,35.99898934179774,-78.92904068742855,Art Gallery
957,27722,35.994,-78.8986,LabourLove Gallery,35.99023101666667,-78.89098763465881,Art Gallery
958,27722,35.994,-78.8986,Vega Metals Inc.,36.000213,-78.900673,Art Gallery
959,27722,35.994,-78.8986,Craven Allen Gallery,36.015918,-78.918964,Art Gallery
960,27722,35.994,-78.8986,Art Craft Framing Company,36.008712,-78.921875,Art Gallery
961,27523,35.7225,-78.8408,Halle Cultural Arts Center,35.73271737823158,-78.85046557247529,Art Gallery
962,27523,35.7225,-78.8408,Springboard Design Group,35.733097076416016,-78.84252166748047,Art Gallery
963,27523,35.7225,-78.8408,Studio 123,35.731331,-78.851311,Art Gallery
964,27523,35.7225,-78.8408,The Red Canvas,35.731264,-78.851461,Art Gallery
965,27523,35.7225,-78.8408,KidzArt Studio,35.731264,-78.851461,Art Gallery
966,27523,35.7225,-78.8408,The Apex Gallery of Custom Framing,35.731264,-78.851461,Art Gallery
967,27523,35.7225,-78.8408,Haake's Art Room,35.721341685981315,-78.85697849948544,Art Gallery
968,27523,35.7225,-78.8408,Mr. Sands Class,35.7444873316891,-78.83924590392357,Art Gallery
969,27523,35.7225,-78.8408,Wine & Design,35.737831115722656,-78.86627197265625,Art Gallery
970,27523,35.7225,-78.8408,Mike Reagan Design,35.752931,-78.86174,Art Gallery
971,27523,35.7225,-78.8408,SAM J's,35.737827,-78.879543,Art Gallery
972,27523,35.7225,-78.8408,Shafer Productions,35.732558000000004,-78.883562,Art Gallery
973,27523,35.7225,-78.8408,AR Workshop Cary,35.736669,-78.798068,Art Gallery
974,27523,35.7225,-78.8408,Front Porch Studio,35.730744,-78.888749,Art Gallery
975,27560,35.8344,-78.8466,Polka Dot Palette,35.821190930485784,-78.85591406028487,Art Gallery
976,27560,35.8344,-78.8466,"Marva Marble & Granite, Inc.",35.842594146728516,-78.81218719482422,Art Gallery
977,27560,35.8344,-78.8466,Joel Wittkamp Design,35.84023666381836,-78.80990600585938,Art Gallery
978,27560,35.8344,-78.8466,Artscapes,35.858278,-78.82155,Art Gallery
979,27571,35.9156,-78.4658,Red Gallery,35.92336748926134,-78.45737459092817,Art Gallery
980,27571,35.9156,-78.4658,R.Hartt Graphics,35.906694,-78.51424499999999,Art Gallery
981,27602,35.7587,-78.6711,Artspace Visual Arts Center,35.775576077243834,-78.63633487045479,Art Gallery
982,27602,35.7587,-78.6711,Rebus Works,35.776923191751585,-78.64971001209481,Art Gallery
983,27602,35.7587,-78.6711,Contemporary Art Museum,35.776877328640275,-78.64545662310829,Art Gallery
984,27602,35.7587,-78.6711,Visual Art Exchange,35.77695330983304,-78.64405511970232,Art Gallery
985,27602,35.7587,-78.6711,Amplified Art,35.776144727709024,-78.63578867137181,Art Gallery
986,27602,35.7587,-78.6711,Flanders Gallery,35.77704243633512,-78.64633591207867,Art Gallery
987,27602,35.7587,-78.6711,311 West Martin Gallery,35.77704734821988,-78.64422884560048,Art Gallery
988,27602,35.7587,-78.6711,Worlds Within,35.753847,-78.67041240000003,Art Gallery
989,27602,35.7587,-78.6711,NCSU - Crafts Center,35.78287495833663,-78.666983989665,Art Gallery
990,27602,35.7587,-78.6711,Pullen Art Center,35.78494829463031,-78.66309604140153,Art Gallery
991,27602,35.7587,-78.6711,The Carter Building,35.78141002954122,-78.64738133352051,Art Gallery
992,27602,35.7587,-78.6711,SpiritWorks Art Studio,35.7814482909526,-78.64722847938538,Art Gallery
993,27602,35.7587,-78.6711,Gregg Museum of Art & Design,35.783905029296875,-78.67122650146484,Art Gallery
994,27602,35.7587,-78.6711,Roundabout Art Collective,35.788338,-78.662801,Art Gallery
995,27602,35.7587,-78.6711,Mahler Gallery,35.77731734219244,-78.63943296040733,Art Gallery
996,27602,35.7587,-78.6711,Lump Art Gallery,35.773761797817414,-78.63661531773464,Art Gallery
997,27602,35.7587,-78.6711,Jenn Hales - Illustration and Design,35.775812,-78.63620999999999,Art Gallery
998,27602,35.7587,-78.6711,Blake Street Shops & Studios,35.775879923408596,-78.63593806634475,Art Gallery
999,27602,35.7587,-78.6711,Adam Cave Fine Art,35.77831743856426,-78.63753845444194,Art Gallery
1000,27602,35.7587,-78.6711,Hargett Street First Friday Market,35.77828600347152,-78.63845246241056,General Entertainment
1001,27602,35.7587,-78.6711,Wine & Design,35.790383,-78.644437,Art Gallery
1002,27602,35.7587,-78.6711,Trinity Gallery,35.787653859805374,-78.63629579544067,Art Gallery
1003,27602,35.7587,-78.6711,Gallery C,35.787644,-78.635778,Art Gallery
1004,27602,35.7587,-78.6711,The Ruby Red,35.78973809855687,-78.64456195545674,Art Gallery
1005,27602,35.7587,-78.6711,Holder Goods and Crafts,35.77250806749719,-78.64845356723114,Arts & Crafts Store
1006,27695,35.7977,-78.6253,Artspace Visual Arts Center,35.775576077243834,-78.63633487045479,Art Gallery
1007,27695,35.7977,-78.6253,Rebus Works,35.776923191751585,-78.64971001209481,Art Gallery
1008,27695,35.7977,-78.6253,Contemporary Art Museum,35.776877328640275,-78.64545662310829,Art Gallery
1009,27695,35.7977,-78.6253,Amplified Art,35.776144727709024,-78.63578867137181,Art Gallery
1010,27695,35.7977,-78.6253,Visual Art Exchange,35.77695330983304,-78.64405511970232,Art Gallery
1011,27695,35.7977,-78.6253,Flanders Gallery,35.77704243633512,-78.64633591207867,Art Gallery
1012,27695,35.7977,-78.6253,311 West Martin Gallery,35.77704734821988,-78.64422884560048,Art Gallery
1013,27695,35.7977,-78.6253,Gallery C,35.787644,-78.635778,Art Gallery
1014,27695,35.7977,-78.6253,Trinity Gallery,35.787653859805374,-78.63629579544067,Art Gallery
1015,27695,35.7977,-78.6253,Wine & Design,35.790383,-78.644437,Art Gallery
1016,27695,35.7977,-78.6253,Adam Cave Fine Art,35.77831743856426,-78.63753845444194,Art Gallery
1017,27695,35.7977,-78.6253,The Ruby Red,35.78973809855687,-78.64456195545674,Art Gallery
1018,27695,35.7977,-78.6253,Mahler Gallery,35.77731734219244,-78.63943296040733,Art Gallery
1019,27695,35.7977,-78.6253,Blake Street Shops & Studios,35.775879923408596,-78.63593806634475,Art Gallery
1020,27695,35.7977,-78.6253,Jenn Hales - Illustration and Design,35.775812,-78.63620999999999,Art Gallery
1021,27695,35.7977,-78.6253,SpiritWorks Art Studio,35.7814482909526,-78.64722847938538,Art Gallery
1022,27695,35.7977,-78.6253,The Carter Building,35.78141002954122,-78.64738133352051,Art Gallery
1023,27695,35.7977,-78.6253,Lump Art Gallery,35.773761797817414,-78.63661531773464,Art Gallery
1024,27695,35.7977,-78.6253,Hargett Street First Friday Market,35.77828600347152,-78.63845246241056,General Entertainment
1025,27695,35.7977,-78.6253,Roundabout Art Collective,35.788338,-78.662801,Art Gallery
1026,27695,35.7977,-78.6253,Pullen Art Center,35.78494829463031,-78.66309604140153,Art Gallery
1027,27695,35.7977,-78.6253,Thieves Market,35.7964815192701,-78.58208965986154,Art Gallery
1028,27695,35.7977,-78.6253,NCSU - Crafts Center,35.78287495833663,-78.666983989665,Art Gallery
1029,27695,35.7977,-78.6253,Gregg Museum of Art & Design,35.783905029296875,-78.67122650146484,Art Gallery
1030,27695,35.7977,-78.6253,Holder Goods and Crafts,35.77250806749719,-78.64845356723114,Arts & Crafts Store
